arm,trace_i,seed,phat,n_gen,belief_gen_pos,flip_pos,flip_pos_strict,flip_to,n_est_post_flip,post_flip_estimates,score_start,score_end,settle_pos,cut_point
above_good,0,7064,1,311,,,,,0,,0.4807,0.5882,178,
above_good,2,7066,-1,281,,,,,0,,0.507,0.4158,0,
above_good,3,7067,1,414,,,,,0,,0.4572,0.546,128,
above_good,4,7068,1,379,347,,,,0,,0.4829,0.5639,113,112
above_good,5,7069,1,422,417,,,,0,,0.4483,0.5685,124,123
above_good,8,7072,-1,640,,,,,0,,0.4763,0.41,169,
above_good,9,7073,-1,563,,,,,0,,0.5007,0.413,299,
above_good,12,7076,1,326,300,,,,0,,0.4888,0.5735,167,166
above_good,13,7077,1,321,314,,,,0,,0.4814,0.5633,128,127
above_good,15,7079,1,372,,,,,0,,0.4953,0.578,213,
above_good,16,7080,1,346,314,,,,0,,0.4921,0.5548,56,55
above_good,18,7082,-1,459,,,,,0,,0.483,0.3894,183,
above_good,19,7083,1,551,,,,,0,,0.4447,0.5811,320,
above_good,20,7084,1,314,312,,,,0,,0.4913,0.6012,204,203
above_good,21,7085,1,492,,,,,0,,0.4614,0.5727,275,
above_good,23,7087,1,332,330,,,,0,,0.4955,0.5935,219,218
above_good,25,7089,1,483,,,,,0,,0.4611,0.5426,0,
above_good,26,7090,1,444,396,,,,0,,0.4835,0.5965,285,284
above_good,28,7092,1,326,297,,,,0,,0.4948,0.5767,184,183
above_good,29,7093,1,386,294,,,,0,,0.4775,0.5758,126,125
above_good,31,7095,1,403,,,,,0,,0.4888,0.538,132,
above_good,32,7096,1,366,333,,,,0,,0.5015,0.5811,222,221
above_good,33,7097,1,513,317,,,,0,,0.4832,0.5897,196,195
above_good,34,7098,1,287,285,,,,0,,0.4948,0.59,174,173
above_good,35,7099,-1,409,,,,,0,,0.4551,0.4254,0,
above_good,36,7100,-1,789,,,,,0,,0.4901,0.3743,448,
above_good,38,7102,1,394,366,,,,0,,0.4939,0.5655,218,217
above_good,40,7104,1,588,,,,,0,,0.4884,0.5809,348,
above_good,41,7105,-1,430,,,,,0,,0.4983,0.4262,0,
above_good,42,7106,1,353,351,,,,0,,0.4868,0.5955,241,240
above_good,44,7108,-1,769,321,,,,0,,0.4318,0.4173,204,203
above_good,46,7110,-1,524,,,,,0,,0.4786,0.4275,0,
above_good,47,7111,-1,343,310,,,,0,,0.4727,0.4047,201,200
above_good,49,7113,1,443,436,,,,0,,0.4677,0.5705,197,196
above_good,50,7114,1,507,468,,,,0,,0.4784,0.5795,356,355
above_good,51,7115,1,405,401,,,,0,,0.4803,0.535,0,
above_good,52,7116,1,293,264,,,,0,,0.4935,0.5742,154,153
above_good,53,7117,1,360,353,,,,0,,0.5199,0.6133,250,249
above_good,54,7118,-1,303,296,,,,0,,0.5159,0.3857,149,148
above_good,56,7120,1,343,308,,,,0,,0.4262,0.5695,171,170
above_good,57,7121,1,626,,,,,0,,0.5118,0.6052,369,
above_good,59,7123,1,498,,,,,0,,0.4567,0.576,288,
above_good,61,7125,-1,641,,,,,0,,0.478,0.3932,367,
above_good,62,7126,1,374,372,,,,0,,0.493,0.5785,198,197
above_good,63,7127,1,391,381,,,,0,,0.4859,0.5792,267,266
above_good,64,7128,-1,675,,,,,0,,0.4968,0.3899,393,
above_good,65,7129,-1,494,,,,,0,,0.5203,0.3954,285,
above_good,66,7130,1,660,644,,,,0,,0.4838,0.5895,540,539
above_good,67,7131,1,477,470,,,,0,,0.5033,0.5738,342,341
above_good,69,7133,1,469,461,,,,0,,0.5023,0.6015,309,308
above_good,70,7134,-1,924,,,,,0,,0.482,0.4073,520,
above_good,72,7136,1,416,414,,,,0,,0.4648,0.5946,302,301
above_good,73,7137,-1,337,335,,,,0,,0.5029,0.4202,0,
above_good,74,7138,1,382,375,,,,0,,0.4927,0.583,244,243
above_good,75,7139,1,372,360,,,,0,,0.5146,0.5622,243,242
above_good,77,7141,1,302,293,,,,0,,0.4924,0.603,190,189
above_good,79,7143,1,294,288,,,,0,,0.4751,0.6104,185,184
above_good,80,7144,1,331,,,,,0,,0.4727,0.5937,156,
above_good,81,7145,-1,349,340,,,,0,,0.5176,0.3972,224,223
above_good,82,7146,-1,420,,,,,0,,0.4837,0.3569,253,
above_good,83,7147,1,387,382,,,,0,,0.4725,0.5793,250,249
above_good,85,7149,1,371,369,,,,0,,0.507,0.5383,0,
above_good,86,7150,1,493,491,,,,0,,0.4945,0.607,393,392
above_good,87,7151,1,408,323,,,,0,,0.4963,0.5918,214,213
above_good,89,7153,-1,400,398,,,,0,,0.4808,0.3614,289,288
above_good,90,7154,1,368,362,,,,0,,0.5029,0.5756,251,250
above_good,91,7155,-1,625,,,,,0,,0.472,0.4077,201,
above_good,92,7156,1,357,346,,,,0,,0.4594,0.5705,227,226
above_good,93,7157,1,467,435,,,,0,,0.473,0.6051,327,326
above_good,95,7159,-1,378,,,,,0,,0.5108,0.3868,147,
above_good,96,7160,1,378,376,,,,0,,0.5005,0.6039,268,267
above_good,97,7161,1,494,,,,,0,,0.4975,0.5829,253,
above_good,99,7163,-1,343,336,,,,0,,0.4694,0.4305,0,
above_good,100,7164,1,434,427,,,,0,,0.514,0.5919,315,314
above_good,102,7166,-1,371,,,,,0,,0.5021,0.3884,208,
above_good,104,7168,1,401,396,,,,0,,0.4815,0.5382,0,
above_good,105,7169,1,464,462,,,,0,,0.4437,0.562,124,123
above_good,107,7171,1,445,,,,,0,,0.514,0.5509,0,
above_good,108,7172,1,370,,,,,0,,0.4686,0.5973,214,
above_good,109,7173,-1,360,354,,,,0,,0.5358,0.3966,236,235
above_good,110,7174,1,474,472,,,,0,,0.5176,0.5915,366,365
above_good,111,7175,1,427,425,,,,0,,0.5344,0.5542,0,
above_good,112,7176,1,450,448,,,,0,,0.4777,0.5816,316,315
above_good,114,7178,1,381,379,,,,0,,0.5063,0.5979,271,270
above_good,115,7179,1,339,320,,,,0,,0.464,0.5353,0,
above_good,116,7180,-1,689,,,,,0,,0.4889,0.366,404,
above_good,117,7181,1,551,545,,,,0,,0.4951,0.5746,430,429
above_good,118,7182,-1,593,,,,,0,,0.4883,0.4058,246,
above_good,119,7183,-1,722,,,,,0,,0.481,0.4052,426,
above_good,120,7184,1,513,,,,,0,,0.4587,0.5455,81,
above_good,121,7185,-1,1073,,,,,0,,0.5093,0.3989,611,
above_good,122,7186,1,379,367,,,,0,,0.4605,0.5467,2,1
above_good,123,7187,1,287,285,,,,0,,0.487,0.5838,135,134
above_good,124,7188,1,360,358,,,,0,,0.4893,0.5947,248,247
above_good,126,7190,1,357,350,,,,0,,0.4697,0.6024,246,245
above_good,128,7192,1,347,340,,,,0,,0.4973,0.5856,227,226
above_good,129,7193,1,331,290,,,,0,,0.4749,0.5588,0,
above_good,130,7194,1,388,382,,,,0,,0.4751,0.5724,269,268
above_good,131,7195,-1,376,350,,,,0,,0.4787,0.371,236,235
above_good,132,7196,1,358,353,,,,0,,0.4656,0.5542,233,232
above_good,133,7197,1,402,400,,,,0,,0.4999,0.5613,263,262
above_good,135,7199,1,346,339,,,,0,,0.4431,0.5521,1,0
above_good,136,7200,1,389,382,,,,0,,0.5185,0.5757,272,271
above_good,137,7201,1,506,504,,,,0,,0.5107,0.5832,396,395
above_good,138,7202,1,280,278,,,,0,,0.4722,0.5942,163,162
above_good,140,7204,1,353,351,,,,0,,0.4994,0.5521,0,
above_good,141,7205,1,434,,,,,0,,0.4759,0.6021,232,
above_good,142,7206,1,397,390,,,,0,,0.4597,0.5571,241,240
above_good,144,7208,1,372,366,,,,0,,0.5225,0.5981,259,258
above_good,145,7209,1,319,311,,,,0,,0.5201,0.5918,201,200
above_good,146,7210,-1,357,347,,,,0,,0.5026,0.402,152,151
above_good,148,7212,-1,674,,,,,0,,0.4675,0.3802,396,
above_good,149,7213,1,392,,,,,0,,0.4758,0.583,197,
below_good,0,6064,1,341,338,,,,0,,0.5481,0.6171,220,219
below_good,2,6066,-1,476,428,,,,0,,0.5282,0.4356,310,309
below_good,4,6068,-1,614,558,,,,0,,0.5054,0.4074,434,433
below_good,5,6069,-1,333,326,,,,0,,0.5204,0.4453,62,61
below_good,6,6070,-1,428,423,,,,0,,0.4991,0.4652,0,
below_good,7,6071,-1,401,,,,,0,,0.5312,0.4251,222,
below_good,10,6074,-1,448,446,,,,0,,0.5447,0.4396,316,315
below_good,11,6075,-1,739,,,,,0,,0.5199,0.4186,439,
below_good,12,6076,-1,327,319,,,,0,,0.5381,0.4588,0,
below_good,13,6077,-1,393,,,,,0,,0.4815,0.448,0,
below_good,15,6079,-1,431,,,,,0,,0.5617,0.4623,5,
below_good,16,6080,-1,617,507,,,,0,,0.5197,0.4125,401,400
below_good,18,6082,-1,327,304,,,,0,,0.525,0.4309,155,154
below_good,19,6083,-1,353,347,,,,0,,0.534,0.4444,235,234
below_good,20,6084,-1,372,370,,,,0,,0.5454,0.3941,260,259
below_good,22,6086,-1,409,356,,,,0,,0.5332,0.4271,176,175
below_good,23,6087,-1,449,390,,,,0,,0.4955,0.3946,278,277
below_good,24,6088,-1,268,262,,,,0,,0.5216,0.4143,153,152
below_good,25,6089,-1,634,632,,,,0,,0.5209,0.4555,128,127
below_good,26,6090,-1,450,,,,,0,,0.5361,0.4597,123,
below_good,27,6091,-1,638,,,,,0,,0.5103,0.392,371,
below_good,28,6092,-1,395,365,,,,0,,0.5183,0.4241,256,255
below_good,29,6093,-1,368,359,,,,0,,0.5403,0.4398,186,185
below_good,30,6094,-1,331,323,,,,0,,0.5443,0.4737,0,
below_good,31,6095,-1,427,,,,,0,,0.5491,0.4223,181,
below_good,32,6096,-1,456,442,,,,0,,0.513,0.4038,298,297
below_good,33,6097,-1,515,,,,,0,,0.5372,0.477,263,
below_good,34,6098,-1,526,494,,,,0,,0.4846,0.4106,385,384
below_good,35,6099,-1,396,,,,,0,,0.5366,0.4376,207,
below_good,36,6100,-1,361,359,,,,0,,0.5264,0.4151,248,247
below_good,37,6101,-1,302,300,,,,0,,0.5274,0.413,192,191
below_good,38,6102,-1,428,420,,,,0,,0.5293,0.4226,301,300
below_good,39,6103,-1,362,360,,,,0,,0.4911,0.4453,186,185
below_good,40,6104,-1,446,444,,,,0,,0.5481,0.4585,296,295
below_good,41,6105,-1,527,,,,,0,,0.5065,0.3981,304,
below_good,42,6106,-1,422,417,,,,0,,0.5356,0.4322,308,307
below_good,43,6107,-1,352,343,,,,0,,0.5693,0.4324,211,210
below_good,45,6109,-1,475,473,,,,0,,0.5554,0.4447,360,359
below_good,47,6111,-1,436,430,,,,0,,0.4978,0.4698,0,
below_good,50,6114,-1,332,330,,,,0,,0.5125,0.4114,221,220
below_good,52,6116,-1,413,411,,,,0,,0.5466,0.4119,307,306
below_good,53,6117,-1,445,437,,,,0,,0.4825,0.4278,302,301
below_good,55,6119,-1,349,347,,,,0,,0.5205,0.4059,242,241
below_good,56,6120,1,372,347,,,,0,,0.5612,0.5779,59,58
below_good,57,6121,-1,373,341,,,,0,,0.5117,0.4415,149,148
below_good,59,6123,-1,541,527,,,,0,,0.5154,0.4295,414,413
below_good,61,6125,-1,352,313,,,,0,,0.5481,0.4421,2,1
below_good,62,6126,-1,530,,,,,0,,0.5182,0.4483,291,
below_good,63,6127,-1,522,515,,,,0,,0.5096,0.4508,405,404
below_good,64,6128,-1,484,470,,,,0,,0.4972,0.4283,356,355
below_good,65,6129,-1,437,376,,,,0,,0.5038,0.4255,193,192
below_good,66,6130,-1,454,370,,,,0,,0.5254,0.4285,258,257
below_good,67,6131,-1,582,,,,,0,,0.529,0.4221,338,
below_good,68,6132,-1,641,453,,,,0,,0.4655,0.4695,0,
below_good,69,6133,-1,396,,,,,0,,0.5078,0.4424,167,
below_good,70,6134,1,448,423,,,,0,,0.4873,0.6173,269,268
below_good,71,6135,-1,346,,,,,0,,0.4846,0.4257,182,
below_good,72,6136,-1,365,350,,,,0,,0.5445,0.3891,249,248
below_good,73,6137,-1,867,860,,,,0,,0.5198,0.4264,719,718
below_good,74,6138,-1,411,409,,,,0,,0.478,0.3946,303,302
below_good,75,6139,-1,324,,,,,0,,0.4926,0.4329,128,
below_good,76,6140,-1,411,409,,,,0,,0.5113,0.4429,173,172
below_good,77,6141,-1,358,,,,,0,,0.4908,0.4247,155,
below_good,78,6142,-1,453,400,,,,0,,0.5166,0.4257,290,289
below_good,81,6145,-1,560,,,,,0,,0.5037,0.4217,328,
below_good,83,6147,-1,375,367,,,,0,,0.5083,0.4282,242,241
below_good,85,6149,-1,373,368,,,,0,,0.5232,0.4397,255,254
below_good,86,6150,-1,332,311,,,,0,,0.4976,0.4116,201,200
below_good,87,6151,-1,370,368,,,,0,,0.503,0.4181,236,235
below_good,88,6152,-1,362,351,,,,0,,0.5121,0.4219,230,229
below_good,89,6153,-1,373,371,,,,0,,0.51,0.4524,222,221
below_good,90,6154,-1,540,,,,,0,,0.5481,0.4083,319,
below_good,91,6155,-1,390,383,,,,0,,0.5095,0.4374,272,271
below_good,92,6156,-1,275,,,,,0,,0.5133,0.4287,118,
below_good,93,6157,-1,397,386,,,,0,,0.4964,0.4069,283,282
below_good,94,6158,-1,378,376,,,,0,,0.5214,0.4426,77,76
below_good,95,6159,-1,380,365,,,,0,,0.4962,0.4571,0,
below_good,96,6160,-1,347,341,,,,0,,0.5388,0.4569,133,132
below_good,97,6161,-1,346,340,,,,0,,0.484,0.4188,227,226
below_good,98,6162,-1,446,440,,,,0,,0.5029,0.4565,0,
below_good,99,6163,-1,507,,,,,0,,0.5045,0.4051,295,
below_good,100,6164,-1,497,495,,,,0,,0.5222,0.3869,392,391
below_good,101,6165,-1,415,399,,,,0,,0.532,0.4261,250,249
below_good,102,6166,-1,449,,,,,0,,0.5032,0.4257,247,
below_good,103,6167,-1,465,430,,,,0,,0.4966,0.4622,0,
below_good,104,6168,-1,399,397,,,,0,,0.5513,0.4206,279,278
below_good,105,6169,-1,400,398,,,,0,,0.5099,0.3967,292,291
below_good,106,6170,-1,695,,,,,0,,0.5148,0.4465,338,
below_good,107,6171,-1,610,,,,,0,,0.5437,0.4522,59,
below_good,108,6172,-1,476,436,,,,0,,0.5129,0.4314,311,310
below_good,110,6174,-1,720,,,,,0,,0.5303,0.4197,421,
below_good,111,6175,-1,485,,,,,0,,0.5371,0.3972,287,
below_good,112,6176,1,427,417,,,,0,,0.5275,0.5997,238,237
below_good,113,6177,-1,547,,,,,0,,0.5124,0.4265,326,
below_good,115,6179,-1,364,347,,,,0,,0.4814,0.4111,237,236
below_good,116,6180,-1,319,302,,,,0,,0.5211,0.3978,200,199
below_good,117,6181,-1,410,401,,,,0,,0.5274,0.422,291,290
below_good,118,6182,-1,451,426,,,,0,,0.508,0.4082,315,314
below_good,120,6184,-1,615,,,,,0,,0.4964,0.4169,352,
below_good,121,6185,-1,515,,,,,0,,0.4994,0.4119,289,
below_good,122,6186,-1,537,531,,,,0,,0.5439,0.4358,372,371
below_good,123,6187,-1,317,,,,,0,,0.5074,0.4383,188,
below_good,124,6188,-1,443,,,,,0,,0.5109,0.416,251,
below_good,125,6189,-1,320,298,,,,0,,0.5134,0.4118,195,194
below_good,127,6191,-1,524,518,,,,0,,0.4964,0.4668,0,
below_good,128,6192,-1,318,316,,,,0,,0.5185,0.4273,198,197
below_good,129,6193,-1,539,,,,,0,,0.5618,0.4561,8,
below_good,130,6194,-1,452,424,,,,0,,0.5331,0.4471,102,101
below_good,132,6196,-1,328,322,,,,0,,0.5072,0.4071,213,212
below_good,133,6197,-1,354,348,,,,0,,0.4988,0.4742,0,
below_good,134,6198,-1,402,385,,,,0,,0.4776,0.4718,0,
below_good,136,6200,-1,641,637,,,,0,,0.5214,0.4374,468,467
below_good,137,6201,-1,327,321,,,,0,,0.4957,0.4334,205,204
below_good,138,6202,-1,370,,,,,0,,0.54,0.4384,198,
below_good,139,6203,-1,470,306,,,,0,,0.5535,0.4627,0,
below_good,140,6204,-1,499,457,,,,0,,0.5099,0.3944,353,352
below_good,141,6205,-1,414,412,,,,0,,0.5201,0.4434,294,293
below_good,142,6206,-1,375,371,,,,0,,0.5333,0.4398,259,258
below_good,143,6207,-1,479,477,,,,0,,0.5049,0.4393,356,355
below_good,144,6208,-1,915,908,,,,0,,0.517,0.4092,794,793
below_good,145,6209,-1,376,361,,,,0,,0.532,0.3839,263,262
below_good,146,6210,-1,407,401,,,,0,,0.5154,0.3951,302,301
below_good,147,6211,-1,700,,,,,0,,0.5027,0.4719,0,
below_good,148,6212,-1,345,343,,,,0,,0.5407,0.4534,119,118
below_good,149,6213,-1,370,364,,,,0,,0.5512,0.4227,253,252
