layer,scope,stratum,n_traces,n_pos,n_neg,n_points,accuracy,null_mean,null_p95,p_perm,baseline_acc,baseline_null_p95,baseline_p,n_perm,n_repeat
-1,length_only,all,109,79,30,203,0.6767361111111112,0.4995867200915499,0.591179979207539,0.000999000999000999,,,,1000,20
0,full,all,109,79,30,203,0.513888888888889,0.5011488292859758,0.5884073864641799,0.3806193806193806,,,,1000,20
0,tercile_resid,all,109,79,30,203,0.5219444444444444,0.49719994965064107,0.5707072301873966,0.26673326673326675,0.6391666666666667,,,1000,20
0,tercile_resid_group,0,,,,,0.5347222222222223,,,,0.5041666666666665,,,1000,20
0,tercile_resid_group,1,,,,,0.5277777777777779,,,,0.5916666666666668,,,1000,20
0,tercile_resid_group,2,,,,,0.5033333333333332,,,,0.8216666666666667,,,1000,20
1,full,all,109,79,30,203,0.5444444444444445,0.5011875540119898,0.5872519733185495,0.1998001998001998,,,,1000,20
1,tercile_resid,all,109,79,30,203,0.5162962962962963,0.4977540043326429,0.572759975749559,0.3386613386613387,0.6391666666666667,,,1000,20
1,tercile_resid_group,0,,,,,0.5097222222222222,,,,0.5041666666666665,,,1000,20
1,tercile_resid_group,1,,,,,0.4749999999999999,,,,0.5916666666666668,,,1000,20
1,tercile_resid_group,2,,,,,0.5641666666666667,,,,0.8216666666666667,,,1000,20
2,full,all,109,79,30,203,0.5638888888888888,0.5011043764332227,0.5810106607556194,0.1108891108891109,,,,1000,20
2,tercile_resid,all,109,79,30,203,0.5302777777777777,0.4973684960353256,0.5750821536866858,0.24475524475524477,0.6391666666666667,,,1000,20
2,tercile_resid_group,0,,,,,0.5222222222222223,,,,0.5041666666666665,,,1000,20
2,tercile_resid_group,1,,,,,0.5152777777777777,,,,0.5916666666666668,,,1000,20
2,tercile_resid_group,2,,,,,0.5533333333333333,,,,0.8216666666666667,,,1000,20
3,full,all,109,79,30,203,0.5604166666666667,0.5004166115885229,0.5873949763515992,0.1108891108891109,,,,1000,20
3,tercile_resid,all,109,79,30,203,0.5145370370370371,0.4978539253474295,0.5788288323045268,0.34565434565434566,0.6391666666666667,,,1000,20
3,tercile_resid_group,0,,,,,0.5722222222222223,,,,0.5041666666666665,,,1000,20
3,tercile_resid_group,1,,,,,0.46805555555555556,,,,0.5916666666666668,,,1000,20
3,tercile_resid_group,2,,,,,0.5033333333333333,,,,0.8216666666666667,,,1000,20
4,full,all,109,79,30,203,0.5802083333333333,0.5006186741086989,0.5863980497895402,0.06893106893106893,,,,1000,20
4,tercile_resid,all,109,79,30,203,0.5239814814814815,0.4984318449093975,0.5765223697747455,0.2787212787212787,0.6391666666666667,,,1000,20
4,tercile_resid_group,0,,,,,0.5847222222222223,,,,0.5041666666666665,,,1000,20
4,tercile_resid_group,1,,,,,0.5013888888888889,,,,0.5916666666666668,,,1000,20
4,tercile_resid_group,2,,,,,0.48583333333333334,,,,0.8216666666666667,,,1000,20
5,full,all,109,79,30,203,0.5701388888888889,0.5000010301496045,0.5823528585537955,0.0899100899100899,,,,1000,20
5,tercile_resid,all,109,79,30,203,0.5602777777777779,0.49795756202027847,0.5800593023840466,0.1008991008991009,0.6391666666666667,,,1000,20
5,tercile_resid_group,0,,,,,0.6138888888888889,,,,0.5041666666666665,,,1000,20
5,tercile_resid_group,1,,,,,0.5319444444444446,,,,0.5916666666666668,,,1000,20
5,tercile_resid_group,2,,,,,0.535,,,,0.8216666666666667,,,1000,20
6,full,all,109,79,30,203,0.5986111111111112,0.4995993563369572,0.5848800650261893,0.029970029970029972,,,,1000,20
6,tercile_resid,all,109,79,30,203,0.5745370370370371,0.49848516908124024,0.5862306916187527,0.07092907092907093,0.6391666666666667,,,1000,20
6,tercile_resid_group,0,,,,,0.6138888888888889,,,,0.5041666666666665,,,1000,20
6,tercile_resid_group,1,,,,,0.5472222222222223,,,,0.5916666666666668,,,1000,20
6,tercile_resid_group,2,,,,,0.5625,,,,0.8216666666666667,,,1000,20
7,full,all,109,79,30,203,0.6156249999999999,0.49937955596814304,0.5817479878599418,0.011988011988011988,,,,1000,20
7,tercile_resid,all,109,79,30,203,0.5626851851851852,0.4986370810083761,0.5866944444444443,0.1018981018981019,0.6391666666666667,,,1000,20
7,tercile_resid_group,0,,,,,0.5972222222222222,,,,0.5041666666666665,,,1000,20
7,tercile_resid_group,1,,,,,0.5416666666666667,,,,0.5916666666666668,,,1000,20
7,tercile_resid_group,2,,,,,0.5491666666666667,,,,0.8216666666666667,,,1000,20
8,full,all,109,79,30,203,0.6184027777777777,0.49911303138655116,0.5861582062965216,0.013986013986013986,,,,1000,20
8,tercile_resid,all,109,79,30,203,0.5686111111111111,0.49828812369055936,0.586312415877657,0.0959040959040959,0.6391666666666667,,,1000,20
8,tercile_resid_group,0,,,,,0.6180555555555556,,,,0.5041666666666665,,,1000,20
8,tercile_resid_group,1,,,,,0.5611111111111112,,,,0.5916666666666668,,,1000,20
8,tercile_resid_group,2,,,,,0.5266666666666666,,,,0.8216666666666667,,,1000,20
9,full,all,109,79,30,203,0.6409722222222223,0.49866527371588687,0.5866382518447734,0.003996003996003996,,,,1000,20
9,tercile_resid,all,109,79,30,203,0.5837037037037037,0.49750314764774495,0.5836577816067947,0.05094905094905095,0.6391666666666667,,,1000,20
9,tercile_resid_group,0,,,,,0.6583333333333333,,,,0.5041666666666665,,,1000,20
9,tercile_resid_group,1,,,,,0.5236111111111111,,,,0.5916666666666668,,,1000,20
9,tercile_resid_group,2,,,,,0.5691666666666667,,,,0.8216666666666667,,,1000,20
10,full,all,109,79,30,203,0.6319444444444445,0.4982721937971574,0.5840632375575311,0.007992007992007992,,,,1000,20
10,tercile_resid,all,109,79,30,203,0.5704629629629631,0.4980411256887702,0.5824834554557691,0.0899100899100899,0.6391666666666667,,,1000,20
10,tercile_resid_group,0,,,,,0.6708333333333334,,,,0.5041666666666665,,,1000,20
10,tercile_resid_group,1,,,,,0.49722222222222223,,,,0.5916666666666668,,,1000,20
10,tercile_resid_group,2,,,,,0.5433333333333333,,,,0.8216666666666667,,,1000,20
11,full,all,109,79,30,203,0.7118055555555555,0.498913491866933,0.5883102181735334,0.000999000999000999,,,,1000,20
11,tercile_resid,all,109,79,30,203,0.5756481481481482,0.49809388271375116,0.5880581971905071,0.07892107892107893,0.6391666666666667,,,1000,20
11,tercile_resid_group,0,,,,,0.7388888888888889,,,,0.5041666666666665,,,1000,20
11,tercile_resid_group,1,,,,,0.5180555555555556,,,,0.5916666666666668,,,1000,20
11,tercile_resid_group,2,,,,,0.47000000000000003,,,,0.8216666666666667,,,1000,20
12,full,all,109,79,30,203,0.6968749999999999,0.4988317381654049,0.5928473251386294,0.000999000999000999,,,,1000,20
12,tercile_resid,all,109,79,30,203,0.5923148148148148,0.4981256865665432,0.5886296350330255,0.04595404595404595,0.6391666666666667,,,1000,20
12,tercile_resid_group,0,,,,,0.7486111111111111,,,,0.5041666666666665,,,1000,20
12,tercile_resid_group,1,,,,,0.5666666666666667,,,,0.5916666666666668,,,1000,20
12,tercile_resid_group,2,,,,,0.4616666666666667,,,,0.8216666666666667,,,1000,20
13,full,all,109,79,30,203,0.6913194444444445,0.4990307673211785,0.5893078766368811,0.000999000999000999,,,,1000,20
13,tercile_resid,all,109,79,30,203,0.585925925925926,0.4981476838620563,0.590139403292181,0.059940059940059943,0.6391666666666667,,,1000,20
13,tercile_resid_group,0,,,,,0.7402777777777778,,,,0.5041666666666665,,,1000,20
13,tercile_resid_group,1,,,,,0.5416666666666667,,,,0.5916666666666668,,,1000,20
13,tercile_resid_group,2,,,,,0.4758333333333333,,,,0.8216666666666667,,,1000,20
14,full,all,109,79,30,203,0.7121527777777776,0.4990495694934099,0.5892895067784124,0.000999000999000999,,,,1000,20
14,tercile_resid,all,109,79,30,203,0.6006481481481482,0.49896323462395276,0.5902639567441661,0.03396603396603397,0.6391666666666667,,,1000,20
14,tercile_resid_group,0,,,,,0.7430555555555556,,,,0.5041666666666665,,,1000,20
14,tercile_resid_group,1,,,,,0.5263888888888889,,,,0.5916666666666668,,,1000,20
14,tercile_resid_group,2,,,,,0.5325,,,,0.8216666666666667,,,1000,20
15,full,all,109,79,30,203,0.703125,0.49874413826341074,0.5882450247228959,0.000999000999000999,,,,1000,20
15,tercile_resid,all,109,79,30,203,0.5902777777777778,0.49878248489683336,0.5898685566494303,0.05094905094905095,0.6391666666666667,,,1000,20
15,tercile_resid_group,0,,,,,0.7458333333333333,,,,0.5041666666666665,,,1000,20
15,tercile_resid_group,1,,,,,0.4833333333333334,,,,0.5916666666666668,,,1000,20
15,tercile_resid_group,2,,,,,0.5416666666666666,,,,0.8216666666666667,,,1000,20
16,full,all,109,79,30,203,0.7027777777777777,0.49864590950439847,0.5897917507569548,0.000999000999000999,,,,1000,20
16,tercile_resid,all,109,79,30,203,0.6041666666666666,0.49868305418313985,0.5865750963397054,0.03196803196803197,0.6391666666666667,,,1000,20
16,tercile_resid_group,0,,,,,0.7486111111111111,,,,0.5041666666666665,,,1000,20
16,tercile_resid_group,1,,,,,0.4805555555555556,,,,0.5916666666666668,,,1000,20
16,tercile_resid_group,2,,,,,0.5833333333333333,,,,0.8216666666666667,,,1000,20
17,full,all,109,79,30,203,0.7048611111111112,0.49912378451475925,0.5898453327517258,0.000999000999000999,,,,1000,20
17,tercile_resid,all,109,79,30,203,0.6083333333333334,0.49949104943725625,0.5858687440050744,0.030969030969030968,0.6391666666666667,,,1000,20
17,tercile_resid_group,0,,,,,0.7513888888888889,,,,0.5041666666666665,,,1000,20
17,tercile_resid_group,1,,,,,0.48611111111111116,,,,0.5916666666666668,,,1000,20
17,tercile_resid_group,2,,,,,0.5875000000000001,,,,0.8216666666666667,,,1000,20
18,full,all,109,79,30,203,0.7208333333333333,0.49958308660416756,0.5887683883690709,0.000999000999000999,,,,1000,20
18,tercile_resid,all,109,79,30,203,0.6282407407407408,0.500115579038783,0.5868684089376491,0.014985014985014986,0.6391666666666667,,,1000,20
18,tercile_resid_group,0,,,,,0.7694444444444445,,,,0.5041666666666665,,,1000,20
18,tercile_resid_group,1,,,,,0.48611111111111116,,,,0.5916666666666668,,,1000,20
18,tercile_resid_group,2,,,,,0.6291666666666667,,,,0.8216666666666667,,,1000,20
19,full,all,109,79,30,203,0.7260416666666666,0.4995388009438758,0.5905141121590803,0.000999000999000999,,,,1000,20
19,tercile_resid,all,109,79,30,203,0.6366666666666666,0.5005188802675441,0.5856045060568085,0.00999000999000999,0.6391666666666667,,,1000,20
19,tercile_resid_group,0,,,,,0.775,,,,0.5041666666666665,,,1000,20
19,tercile_resid_group,1,,,,,0.4916666666666667,,,,0.5916666666666668,,,1000,20
19,tercile_resid_group,2,,,,,0.6433333333333333,,,,0.8216666666666667,,,1000,20
20,full,all,109,79,30,203,0.7277777777777777,0.5000424811642259,0.5895347596074999,0.000999000999000999,,,,1000,20
20,tercile_resid,all,109,79,30,203,0.6516666666666667,0.49992565171967096,0.5881283939014202,0.005994005994005994,0.6391666666666667,,,1000,20
20,tercile_resid_group,0,,,,,0.7777777777777778,,,,0.5041666666666665,,,1000,20
20,tercile_resid_group,1,,,,,0.49722222222222223,,,,0.5916666666666668,,,1000,20
20,tercile_resid_group,2,,,,,0.68,,,,0.8216666666666667,,,1000,20
21,full,all,109,79,30,203,0.7434027777777777,0.49988392381325036,0.588974687058111,0.000999000999000999,,,,1000,20
21,tercile_resid,all,109,79,30,203,0.6530555555555556,0.4998034123305099,0.5868202527924749,0.004995004995004995,0.6391666666666667,,,1000,20
21,tercile_resid_group,0,,,,,0.7777777777777778,,,,0.5041666666666665,,,1000,20
21,tercile_resid_group,1,,,,,0.49722222222222223,,,,0.5916666666666668,,,1000,20
21,tercile_resid_group,2,,,,,0.6841666666666668,,,,0.8216666666666667,,,1000,20
22,full,all,109,79,30,203,0.7430555555555555,0.49970800713868185,0.5892060046032871,0.000999000999000999,,,,1000,20
22,tercile,all,109,79,30,203,0.6862037037037038,0.49963005334929367,0.5929019423558898,0.001998001998001998,0.6391666666666667,,,1000,20
22,tercile_group,0,,,,,0.7722222222222223,,,,0.5041666666666665,,,1000,20
22,tercile_group,1,,,,,0.551388888888889,,,,0.5916666666666668,,,1000,20
22,tercile_group,2,,,,,0.735,,,,0.8216666666666667,,,1000,20
22,tercile_resid,all,109,79,30,203,0.6530555555555556,0.49994024630434036,0.5870898206504822,0.004995004995004995,0.6391666666666667,,,1000,20
22,tercile_resid_group,0,,,,,0.775,,,,0.5041666666666665,,,1000,20
22,tercile_resid_group,1,,,,,0.4916666666666667,,,,0.5916666666666668,,,1000,20
22,tercile_resid_group,2,,,,,0.6925000000000001,,,,0.8216666666666667,,,1000,20
22,resid_full,all,109,79,30,203,0.639236111111111,0.500389790346016,0.5901979113579657,0.003996003996003996,0.6767361111111112,,,1000,20
22,resid_full_group,0,,,,,0.639236111111111,,,,0.6767361111111112,,,1000,20
22,matched,all,60,30,30,203,0.6777777777777778,0.4990305555555556,0.6001388888888888,0.002997002997002997,0.5805555555555555,,,1000,20
22,matched_group,0,,,,,0.6777777777777778,,,,0.5805555555555555,,,1000,20
22,residualized,all,109,79,30,203,0.639236111111111,0.500389790346016,0.5901979113579657,0.003996003996003996,,,,1000,20
23,full,all,109,79,30,203,0.7413194444444443,0.49958263043922657,0.5877689998005213,0.000999000999000999,,,,1000,20
23,tercile_resid,all,109,79,30,203,0.6455555555555555,0.4998189221361903,0.585238205467372,0.004995004995004995,0.6391666666666667,,,1000,20
23,tercile_resid_group,0,,,,,0.775,,,,0.5041666666666665,,,1000,20
23,tercile_resid_group,1,,,,,0.4833333333333333,,,,0.5916666666666668,,,1000,20
23,tercile_resid_group,2,,,,,0.6783333333333335,,,,0.8216666666666667,,,1000,20
24,full,all,109,79,30,203,0.7527777777777778,0.4994730432510076,0.5863489086396695,0.000999000999000999,,,,1000,20
24,tercile_resid,all,109,79,30,203,0.6510185185185186,0.5000381401876209,0.5899028880070547,0.003996003996003996,0.6391666666666667,,,1000,20
24,tercile_resid_group,0,,,,,0.7750000000000001,,,,0.5041666666666665,,,1000,20
24,tercile_resid_group,1,,,,,0.4805555555555555,,,,0.5916666666666668,,,1000,20
24,tercile_resid_group,2,,,,,0.6975,,,,0.8216666666666667,,,1000,20
25,full,all,109,79,30,203,0.7499999999999999,0.49944029700767967,0.5871984335109335,0.000999000999000999,,,,1000,20
25,tercile_resid,all,109,79,30,203,0.6626851851851853,0.4999549610447405,0.584935655109997,0.002997002997002997,0.6391666666666667,,,1000,20
25,tercile_resid_group,0,,,,,0.7750000000000001,,,,0.5041666666666665,,,1000,20
25,tercile_resid_group,1,,,,,0.4930555555555555,,,,0.5916666666666668,,,1000,20
25,tercile_resid_group,2,,,,,0.72,,,,0.8216666666666667,,,1000,20
26,full,all,109,79,30,203,0.7597222222222222,0.49948145708770353,0.5849685654481007,0.000999000999000999,,,,1000,20
26,tercile_resid,all,109,79,30,203,0.6711111111111112,0.5001291806430737,0.5878182332874671,0.001998001998001998,0.6391666666666667,,,1000,20
26,tercile_resid_group,0,,,,,0.7750000000000001,,,,0.5041666666666665,,,1000,20
26,tercile_resid_group,1,,,,,0.4958333333333333,,,,0.5916666666666668,,,1000,20
26,tercile_resid_group,2,,,,,0.7425,,,,0.8216666666666667,,,1000,20
27,full,all,109,79,30,203,0.7604166666666667,0.4998035714436479,0.5858507227831722,0.000999000999000999,,,,1000,20
27,tercile,all,109,79,30,203,0.6938888888888889,0.5004830668708699,0.5882615673056097,0.000999000999000999,0.6391666666666667,,,1000,20
27,tercile_group,0,,,,,0.775,,,,0.5041666666666665,,,1000,20
27,tercile_group,1,,,,,0.5291666666666668,,,,0.5916666666666668,,,1000,20
27,tercile_group,2,,,,,0.7775,,,,0.8216666666666667,,,1000,20
27,tercile_resid,all,109,79,30,203,0.6683333333333333,0.5001996545718177,0.5888924558696123,0.001998001998001998,0.6391666666666667,,,1000,20
27,tercile_resid_group,0,,,,,0.7750000000000001,,,,0.5041666666666665,,,1000,20
27,tercile_resid_group,1,,,,,0.4958333333333333,,,,0.5916666666666668,,,1000,20
27,tercile_resid_group,2,,,,,0.7341666666666666,,,,0.8216666666666667,,,1000,20
27,resid_full,all,109,79,30,203,0.6548611111111111,0.5003056080124171,0.5918392884146197,0.000999000999000999,0.6767361111111112,,,1000,20
27,resid_full_group,0,,,,,0.6548611111111111,,,,0.6767361111111112,,,1000,20
27,matched,all,60,30,30,203,0.6805555555555556,0.4991833333333333,0.5973611111111111,0.001998001998001998,0.5805555555555555,,,1000,20
27,matched_group,0,,,,,0.6805555555555556,,,,0.5805555555555555,,,1000,20
27,residualized,all,109,79,30,203,0.6548611111111111,0.5003056080124171,0.5918392884146197,0.000999000999000999,,,,1000,20
28,full,all,109,79,30,203,0.7503472222222222,0.499741853481188,0.5861788408385579,0.000999000999000999,,,,1000,20
28,tercile_resid,all,109,79,30,203,0.6686111111111112,0.5003023218010526,0.5896517064265603,0.002997002997002997,0.6391666666666667,,,1000,20
28,tercile_resid_group,0,,,,,0.7722222222222224,,,,0.5041666666666665,,,1000,20
28,tercile_resid_group,1,,,,,0.49861111111111106,,,,0.5916666666666668,,,1000,20
28,tercile_resid_group,2,,,,,0.7350000000000001,,,,0.8216666666666667,,,1000,20
29,full,all,109,79,30,203,0.7510416666666668,0.49978356837128085,0.5848149075020244,0.000999000999000999,,,,1000,20
29,tercile_resid,all,109,79,30,203,0.6631481481481482,0.5006591958091466,0.5912994529601964,0.006993006993006993,0.6391666666666667,,,1000,20
29,tercile_resid_group,0,,,,,0.7694444444444445,,,,0.5041666666666665,,,1000,20
29,tercile_resid_group,1,,,,,0.4958333333333333,,,,0.5916666666666668,,,1000,20
29,tercile_resid_group,2,,,,,0.7241666666666668,,,,0.8216666666666667,,,1000,20
30,full,all,109,79,30,203,0.7267361111111111,0.4996578025318044,0.5842668083145771,0.000999000999000999,,,,1000,20
30,tercile_resid,all,109,79,30,203,0.6619444444444444,0.5007146496744252,0.5904909126113895,0.006993006993006993,0.6391666666666667,,,1000,20
30,tercile_resid_group,0,,,,,0.7694444444444445,,,,0.5041666666666665,,,1000,20
30,tercile_resid_group,1,,,,,0.4930555555555555,,,,0.5916666666666668,,,1000,20
30,tercile_resid_group,2,,,,,0.7233333333333334,,,,0.8216666666666667,,,1000,20
31,full,all,109,79,30,203,0.6868055555555556,0.5002065747961275,0.586028258845519,0.000999000999000999,,,,1000,20
31,tercile_resid,all,109,79,30,203,0.6515740740740742,0.5006337112354439,0.5891514917695473,0.005994005994005994,0.6391666666666667,,,1000,20
31,tercile_resid_group,0,,,,,0.7777777777777779,,,,0.5041666666666665,,,1000,20
31,tercile_resid_group,1,,,,,0.49027777777777776,,,,0.5916666666666668,,,1000,20
31,tercile_resid_group,2,,,,,0.6866666666666668,,,,0.8216666666666667,,,1000,20
32,full,all,109,79,30,203,0.6777777777777777,0.49946593363854597,0.5836691963663384,0.000999000999000999,,,,1000,20
32,tercile_resid,all,109,79,30,203,0.6464814814814815,0.5005913025188177,0.58971875767851,0.007992007992007992,0.6391666666666667,,,1000,20
32,tercile_resid_group,0,,,,,0.7805555555555556,,,,0.5041666666666665,,,1000,20
32,tercile_resid_group,1,,,,,0.4847222222222222,,,,0.5916666666666668,,,1000,20
32,tercile_resid_group,2,,,,,0.6741666666666668,,,,0.8216666666666667,,,1000,20
33,full,all,109,79,30,203,0.6819444444444444,0.499697059808006,0.5835671045540611,0.000999000999000999,,,,1000,20
33,tercile_resid,all,109,79,30,203,0.6401851851851853,0.5005864679542844,0.5932047441702477,0.01098901098901099,0.6391666666666667,,,1000,20
33,tercile_resid_group,0,,,,,0.7833333333333334,,,,0.5041666666666665,,,1000,20
33,tercile_resid_group,1,,,,,0.47638888888888886,,,,0.5916666666666668,,,1000,20
33,tercile_resid_group,2,,,,,0.6608333333333334,,,,0.8216666666666667,,,1000,20
34,full,all,109,79,30,203,0.6753472222222221,0.4995739965185284,0.5816121896018636,0.000999000999000999,,,,1000,20
34,tercile_resid,all,109,79,30,203,0.6364814814814815,0.5003667669463259,0.5902838674049865,0.011988011988011988,0.6391666666666667,,,1000,20
34,tercile_resid_group,0,,,,,0.7805555555555557,,,,0.5041666666666665,,,1000,20
34,tercile_resid_group,1,,,,,0.47638888888888886,,,,0.5916666666666668,,,1000,20
34,tercile_resid_group,2,,,,,0.6525000000000001,,,,0.8216666666666667,,,1000,20
35,full,all,109,79,30,203,0.6670138888888888,0.4993166319581966,0.5832885229903725,0.000999000999000999,,,,1000,20
35,tercile_resid,all,109,79,30,203,0.6389814814814815,0.4996725723939518,0.5928181951793062,0.00999000999000999,0.6391666666666667,,,1000,20
35,tercile_resid_group,0,,,,,0.7861111111111111,,,,0.5041666666666665,,,1000,20
35,tercile_resid_group,1,,,,,0.4875,,,,0.5916666666666668,,,1000,20
35,tercile_resid_group,2,,,,,0.6433333333333333,,,,0.8216666666666667,,,1000,20
36,full,all,109,79,30,203,0.6548611111111111,0.4988712482839042,0.5845135426561338,0.001998001998001998,,,,1000,20
36,tercile_resid,all,109,79,30,203,0.6419444444444444,0.4994252169000816,0.5923370782279773,0.008991008991008992,0.6391666666666667,,,1000,20
36,tercile_resid_group,0,,,,,0.7861111111111112,,,,0.5041666666666665,,,1000,20
36,tercile_resid_group,1,,,,,0.4888888888888888,,,,0.5916666666666668,,,1000,20
36,tercile_resid_group,2,,,,,0.6508333333333333,,,,0.8216666666666667,,,1000,20
37,full,all,109,79,30,203,0.6597222222222221,0.49990179705291127,0.5861181069248576,0.000999000999000999,,,,1000,20
37,tercile_resid,all,109,79,30,203,0.6256481481481481,0.5001652198957505,0.5935450866750209,0.014985014985014986,0.6391666666666667,,,1000,20
37,tercile_resid_group,0,,,,,0.7513888888888889,,,,0.5041666666666665,,,1000,20
37,tercile_resid_group,1,,,,,0.4888888888888888,,,,0.5916666666666668,,,1000,20
37,tercile_resid_group,2,,,,,0.6366666666666667,,,,0.8216666666666667,,,1000,20
38,full,all,109,79,30,203,0.659375,0.500121898604566,0.5845611703080731,0.000999000999000999,,,,1000,20
38,tercile_resid,all,109,79,30,203,0.5935185185185184,0.4996894622690163,0.5930694444444443,0.04995004995004995,0.6391666666666667,,,1000,20
38,tercile_resid_group,0,,,,,0.6861111111111111,,,,0.5041666666666665,,,1000,20
38,tercile_resid_group,1,,,,,0.48611111111111116,,,,0.5916666666666668,,,1000,20
38,tercile_resid_group,2,,,,,0.6083333333333333,,,,0.8216666666666667,,,1000,20
39,full,all,109,79,30,203,0.6631944444444444,0.50019487795682,0.5852103064809585,0.000999000999000999,,,,1000,20
39,tercile_resid,all,109,79,30,203,0.5925925925925927,0.49939323353657017,0.5962493313033465,0.055944055944055944,0.6391666666666667,,,1000,20
39,tercile_resid_group,0,,,,,0.675,,,,0.5041666666666665,,,1000,20
39,tercile_resid_group,1,,,,,0.49027777777777776,,,,0.5916666666666668,,,1000,20
39,tercile_resid_group,2,,,,,0.6125,,,,0.8216666666666667,,,1000,20
40,full,all,109,79,30,203,0.653472222222222,0.5005114843691926,0.587588275653493,0.002997002997002997,,,,1000,20
40,tercile_resid,all,109,79,30,203,0.5819444444444445,0.4995645647295067,0.596875078079071,0.08091908091908091,0.6391666666666667,,,1000,20
40,tercile_resid_group,0,,,,,0.6416666666666667,,,,0.5041666666666665,,,1000,20
40,tercile_resid_group,1,,,,,0.5000000000000001,,,,0.5916666666666668,,,1000,20
40,tercile_resid_group,2,,,,,0.6041666666666667,,,,0.8216666666666667,,,1000,20
41,full,all,109,79,30,203,0.6569444444444443,0.5008959536149641,0.5888503595708804,0.000999000999000999,,,,1000,20
41,tercile_resid,all,109,79,30,203,0.5750000000000001,0.49944930801806653,0.596316312095826,0.09290709290709291,0.6391666666666667,,,1000,20
41,tercile_resid_group,0,,,,,0.6263888888888889,,,,0.5041666666666665,,,1000,20
41,tercile_resid_group,1,,,,,0.5194444444444446,,,,0.5916666666666668,,,1000,20
41,tercile_resid_group,2,,,,,0.5791666666666667,,,,0.8216666666666667,,,1000,20
42,full,all,109,79,30,203,0.657986111111111,0.5010719583304092,0.5897535881489686,0.000999000999000999,,,,1000,20
42,tercile_resid,all,109,79,30,203,0.5693518518518519,0.4994758824323358,0.5968125000000001,0.11288711288711288,0.6391666666666667,,,1000,20
42,tercile_resid_group,0,,,,,0.6236111111111111,,,,0.5041666666666665,,,1000,20
42,tercile_resid_group,1,,,,,0.5111111111111112,,,,0.5916666666666668,,,1000,20
42,tercile_resid_group,2,,,,,0.5733333333333334,,,,0.8216666666666667,,,1000,20
43,full,all,109,79,30,203,0.6513888888888889,0.5010349789934796,0.5914363443621594,0.000999000999000999,,,,1000,20
43,tercile_resid,all,109,79,30,203,0.5710185185185186,0.49928615455444253,0.5954569574012191,0.10589410589410589,0.6391666666666667,,,1000,20
43,tercile_resid_group,0,,,,,0.6138888888888889,,,,0.5041666666666665,,,1000,20
43,tercile_resid_group,1,,,,,0.5166666666666668,,,,0.5916666666666668,,,1000,20
43,tercile_resid_group,2,,,,,0.5825,,,,0.8216666666666667,,,1000,20
44,full,all,109,79,30,203,0.6378472222222221,0.5012967707385075,0.5907315164605924,0.004995004995004995,,,,1000,20
44,tercile_resid,all,109,79,30,203,0.5724074074074074,0.49973981864423184,0.5937026932686655,0.1018981018981019,0.6391666666666667,,,1000,20
44,tercile_resid_group,0,,,,,0.6041666666666667,,,,0.5041666666666665,,,1000,20
44,tercile_resid_group,1,,,,,0.5180555555555556,,,,0.5916666666666668,,,1000,20
44,tercile_resid_group,2,,,,,0.595,,,,0.8216666666666667,,,1000,20
45,full,all,109,79,30,203,0.6357638888888889,0.5013391824379041,0.5909995230559324,0.006993006993006993,,,,1000,20
45,tercile_resid,all,109,79,30,203,0.5789814814814815,0.49992060711809716,0.5955655506435842,0.08091908091908091,0.6391666666666667,,,1000,20
45,tercile_resid_group,0,,,,,0.6166666666666667,,,,0.5041666666666665,,,1000,20
45,tercile_resid_group,1,,,,,0.5277777777777779,,,,0.5916666666666668,,,1000,20
45,tercile_resid_group,2,,,,,0.5925,,,,0.8216666666666667,,,1000,20
46,full,all,109,79,30,203,0.6364583333333333,0.5010981565320928,0.5920066828099437,0.007992007992007992,,,,1000,20
46,tercile_resid,all,109,79,30,203,0.586574074074074,0.4997008868664894,0.5979526295085935,0.06893106893106893,0.6391666666666667,,,1000,20
46,tercile_resid_group,0,,,,,0.6375,,,,0.5041666666666665,,,1000,20
46,tercile_resid_group,1,,,,,0.5263888888888889,,,,0.5916666666666668,,,1000,20
46,tercile_resid_group,2,,,,,0.5958333333333333,,,,0.8216666666666667,,,1000,20
47,full,all,109,79,30,203,0.6503472222222222,0.5006423531027906,0.588380129130129,0.002997002997002997,,,,1000,20
47,tercile_resid,all,109,79,30,203,0.5881481481481482,0.5008730422541168,0.5946179163185741,0.07192807192807193,0.6391666666666667,,,1000,20
47,tercile_resid_group,0,,,,,0.6444444444444445,,,,0.5041666666666665,,,1000,20
47,tercile_resid_group,1,,,,,0.5458333333333335,,,,0.5916666666666668,,,1000,20
47,tercile_resid_group,2,,,,,0.5741666666666667,,,,0.8216666666666667,,,1000,20
