i,seed,n_output_tokens,truncated,regex_phat,cause_word,final_regex,belief_gen_pos,cut
0,10714,446,False,,,6300000000.0,,
1,10715,319,False,1,good,5000000000.0,316,291
2,10716,636,False,,,4000000000.0,,
3,10717,399,False,,,6000000000.0,,
4,10718,538,False,,,4250000000.0,,
5,10719,160,False,-1,good,10000.0,157,132
6,10720,376,False,,,4000000000.0,,
7,10721,362,False,,,3000000000.0,,
8,10722,473,False,,,3000000000.0,,
9,10723,395,False,-1,good,500000000.0,392,367
10,10724,444,False,1,bad,207000000.0,432,407
11,10725,451,False,,,40000000000.0,,
12,10726,524,False,,,45000.0,,
13,10727,719,False,,,6000.0,,
14,10728,369,False,-1,good,240000000.0,362,337
15,10729,489,False,,,30000000000.0,,
16,10730,491,False,,,3000000000.0,,
17,10731,352,False,1,good,28000000000.0,349,324
18,10732,456,False,,,13000000000.0,,
19,10733,401,False,1,good,137500000000.0,377,352
20,10734,384,False,,,3500000000.0,,
21,10735,366,False,,,180000000.0,,
22,10736,408,False,,,48000000000.0,,
23,10737,443,False,,,262500000.0,,
24,10738,425,False,,,1750000000.0,,
25,10739,435,False,,,3800000000.0,,
26,10740,565,False,,,4400000000.0,,
27,10741,398,False,,,10000000000.0,,
28,10742,383,False,,,1250000000.0,,
29,10743,331,False,,,5000000000.0,,
30,10744,356,False,,,4000000000.0,,
31,10745,467,False,,,25000000000.0,,
32,10746,373,False,,,137500000000.0,,
33,10747,389,False,1,good,17500000000.0,380,355
34,10748,393,False,1,bad,1250000000.0,363,338
35,10749,440,False,,,60000000.0,,
36,10750,443,False,,,1280000000.0,,
37,10751,373,False,1,good,187500000000.0,360,335
38,10752,429,False,1,good,18000000000.0,419,394
39,10753,359,False,,,15000000000.0,,
40,10754,536,False,,,13300000000.0,,
41,10755,409,False,-1,good,2800000000.0,369,344
42,10756,318,False,-1,good,625000000.0,315,290
43,10757,365,False,,,437500000.0,,
44,10758,376,False,-1,good,4000000000.0,368,343
45,10759,271,False,,,1200000000.0,,
46,10760,561,False,,,3500000000.0,,
47,10761,422,False,1,good,4600000000.0,415,390
48,10762,433,False,,,8000000000.0,,
49,10763,392,False,,,6250000000.0,,
50,10764,417,False,1,good,28000000000.0,413,388
51,10765,409,False,1,good,12500000000.0,379,354
52,10766,386,False,,,1219000000.0,,
53,10767,345,False,,,1250000000.0,,
54,10768,376,False,,,9000000000.0,,
55,10769,516,False,1,bad,600000000.0,484,459
56,10770,511,False,-1,good,360000000.0,474,449
57,10771,384,False,1,good,6000000000.0,376,351
58,10772,352,False,-1,good,1600000000.0,344,319
59,10773,369,False,1,good,132500000000.0,366,341
60,10774,374,False,1,good,10500000000.0,371,346
61,10775,537,False,,,1800000000.0,,
62,10776,781,False,,,6250000000.0,,
63,10777,395,False,1,good,5000000000.0,383,358
64,10778,399,False,,,45000000000.0,,
65,10779,287,False,,,1800.0,,
66,10780,317,False,1,good,5000000000.0,314,289
67,10781,369,False,1,good,6250000000.0,355,330
68,10782,482,False,,,4000000000.0,,
69,10783,334,False,,,1250000000.0,,
70,10784,370,False,1,good,16000000000.0,335,310
71,10785,653,False,,,1026.0,,
72,10786,382,False,,,5000000000.0,,
73,10787,381,False,1,good,25000000000.0,340,315
74,10788,522,False,,,3000000000.0,,
75,10789,379,False,1,bad,1750000000.0,321,296
76,10790,404,False,,,2500.0,,
77,10791,542,False,,,2400000000.0,,
78,10792,432,False,-1,good,1500000000.0,424,399
79,10793,475,False,,,4000000000.0,,
80,10794,388,False,,,16000000000.0,,
81,10795,428,False,,,7500000000.0,,
82,10796,528,False,,,0.0,,
83,10797,351,False,-1,bad,4800000000.0,322,297
84,10798,398,False,,,55000000000.0,,
85,10799,394,False,-1,good,2000000000.0,387,362
86,10800,466,False,1,bad,187500000.0,458,433
87,10801,489,False,,,24500000000.0,,
88,10802,457,False,1,good,146250000000.0,454,429
89,10803,388,False,1,good,46875000000.0,385,360
90,10804,471,False,1,bad,375000000.0,451,426
91,10805,419,False,1,bad,1875000000.0,416,391
92,10806,373,False,-1,good,3600000000.0,366,341
93,10807,367,False,1,bad,2400000000.0,342,317
94,10808,304,False,-1,good,2940000000.0,259,234
95,10809,456,False,,,4000000000.0,,
96,10810,687,False,,,10.0,,
97,10811,461,False,,,50000000000.0,,
98,10812,377,False,-1,good,4000000000.0,279,254
99,10813,339,False,1,good,10000000000.0,329,304
100,10814,386,False,1,good,125000000000.0,365,340
101,10815,514,False,1,good,11250000000.0,503,478
102,10816,461,False,,,47200000000.0,,
103,10817,352,False,,,28000000000.0,,
104,10818,407,False,,,460000000.0,,
105,10819,678,False,,,27000000000.0,,
106,10820,278,False,-1,good,3000000000.0,226,201
107,10821,493,False,1,good,11500000000.0,485,460
108,10822,643,False,,,4000000000.0,,
109,10823,410,False,1,good,8000000000.0,404,379
110,10824,378,False,-1,good,300000000.0,370,345
111,10825,376,False,,,10000000000.0,,
112,10826,413,False,,,4000000000.0,,
113,10827,773,False,,,4000000000.0,,
114,10828,467,False,,,1950000000.0,,
115,10829,471,False,,,3500000000.0,,
116,10830,505,False,,,3000000000.0,,
117,10831,344,False,,,1250000000.0,,
118,10832,558,False,,,3000000000.0,,
119,10833,453,False,,,3000000000.0,,
120,10834,294,False,1,bad,200000000.0,285,260
121,10835,473,False,1,good,7800000000.0,463,438
122,10836,413,False,-1,bad,18750000000.0,373,348
123,10837,505,False,1,good,140000000000.0,495,470
124,10838,608,False,,,22500000000.0,,
125,10839,742,False,,,1000000.0,,
126,10840,544,False,,,3750000000.0,,
127,10841,411,False,-1,bad,23375000000.0,398,373
128,10842,405,False,1,bad,2750000000.0,397,372
129,10843,497,False,-1,good,0.0,494,469
130,10844,358,False,,,8400000000.0,,
131,10845,350,False,,,1050000000.0,,
132,10846,375,False,1,good,13000000000.0,366,341
133,10847,697,False,,,10000000000.0,,
134,10848,472,False,,,95000000.0,,
135,10849,453,False,1,good,6000000000.0,391,366
136,10850,454,False,,,4800000000.0,,
137,10851,434,False,1,good,800000000000.0,431,406
138,10852,307,False,1,good,12000000000.0,297,272
139,10853,391,False,1,good,187500000000.0,291,266
140,10854,495,False,,,25000000.0,,
141,10855,452,False,,,150000000.0,,
142,10856,454,False,1,good,6250000000.0,426,401
143,10857,313,False,1,good,13000000000.0,308,283
144,10858,383,False,1,bad,600000000.0,380,355
145,10859,357,False,,,12000000000.0,,
146,10860,630,False,,,450000000.0,,
147,10861,332,False,,,15000000000.0,,
148,10862,595,False,,,43750000000.0,,
149,10863,639,False,,,12000000000.0,,
150,10864,372,False,1,good,21000000000.0,362,337
151,10865,621,False,,,3600000000.0,,
152,10866,423,False,,,1800000000.0,,
153,10867,398,False,1,good,12500000000.0,364,339
154,10868,328,False,,,5000000000.0,,
155,10869,391,False,1,good,15000000000.0,359,334
156,10870,294,False,1,bad,1500000000.0,285,260
157,10871,499,False,1,good,96600000000.0,458,433
158,10872,469,False,,,5000000000.0,,
159,10873,416,False,,,20000000000.0,,
160,10874,390,False,-1,good,800000000.0,381,356
161,10875,379,False,-1,bad,37500000000.0,376,351
162,10876,304,False,1,good,52500000000.0,294,269
163,10877,374,False,,,300000000000.0,,
164,10878,341,False,,,5000000000000.0,,
165,10879,450,False,,,8400000000.0,,
166,10880,538,False,,,30000000000.0,,
167,10881,348,False,1,good,75000000000.0,345,320
168,10882,434,False,,,31250000000.0,,
169,10883,431,False,1,good,20000000000.0,400,375
170,10884,394,False,-1,good,2750000000.0,382,357
171,10885,506,False,,,17000000000.0,,
172,10886,356,False,1,good,12500000000.0,353,328
173,10887,411,False,,,56000000000.0,,
174,10888,466,False,,,4000000000.0,,
175,10889,315,False,,,2700000000.0,,
176,10890,362,False,1,good,40000000000.0,359,334
177,10891,506,False,,,6000000000.0,,
178,10892,359,False,1,good,6250000000.0,332,307
179,10893,383,False,,,180.0,,
180,10894,605,False,,,4560000000.0,,
181,10895,418,False,1,good,22562500000.0,415,390
182,10896,412,False,,,20160000000.0,,
183,10897,337,False,-1,good,750000000.0,329,304
184,10898,412,False,1,good,40000000000.0,404,379
185,10899,436,False,,,4000000000.0,,
186,10900,384,False,1,good,15000000000.0,381,356
187,10901,492,False,,,4000000000.0,,
188,10902,393,False,,,46000000000.0,,
189,10903,338,False,,,262500000.0,,
190,10904,364,False,,,5000000000.0,,
191,10905,323,False,,,1625000000.0,,
192,10906,514,False,,,3500000000.0,,
193,10907,572,False,-1,good,4000000000.0,373,348
194,10908,402,False,1,good,22500000000.0,394,369
195,10909,292,False,1,bad,630000000.0,264,239
196,10910,364,False,,,400000000.0,,
197,10911,532,False,1,good,43500000000.0,525,500
198,10912,400,False,,,1200000000.0,,
199,10913,473,False,,,46875000000.0,,
200,10914,357,False,,,80000000000.0,,
201,10915,438,False,,,280000000.0,,
202,10916,432,False,1,good,62500000000.0,370,345
203,10917,423,False,1,bad,2500000000.0,407,382
204,10918,373,False,,,140000000000.0,,
205,10919,394,False,,,4000000000.0,,
206,10920,334,False,,,1060000000.0,,
207,10921,397,False,1,good,7500000000.0,387,362
208,10922,384,False,1,good,52000000000.0,381,356
209,10923,568,False,,,300000000000.0,,
210,10924,408,False,,,22750000000.0,,
211,10925,342,False,-1,good,1000000.0,337,312
212,10926,593,False,,,4500.0,,
213,10927,349,False,,,500000000.0,,
214,10928,413,False,,,5000000000.0,,
215,10929,394,False,,,5000000000.0,,
216,10930,431,False,,,45000000000.0,,
217,10931,333,False,1,good,37500000000.0,330,305
218,10932,439,False,1,good,9000000000.0,436,411
219,10933,309,False,1,good,10000000000.0,306,281
220,10934,461,False,-1,good,2000000000.0,389,364
221,10935,382,False,,,3500000000.0,,
222,10936,681,False,,,4000000000.0,,
223,10937,452,False,,,20000000000.0,,
224,10938,430,False,,,5000000000.0,,
225,10939,439,False,-1,good,700000000.0,430,405
226,10940,324,False,1,good,250000000000.0,312,287
227,10941,343,False,,,25000000.0,,
228,10942,405,False,,,4000000000.0,,
229,10943,463,False,-1,good,1000000000.0,366,341
230,10944,657,False,,,4370000000.0,,
231,10945,454,False,-1,bad,6500000000.0,436,411
232,10946,457,False,,,45000000000.0,,
233,10947,389,False,1,bad,1500000000.0,361,336
234,10948,389,False,-1,bad,30000000000.0,293,268
235,10949,459,False,,,3150000000.0,,
236,10950,373,False,,,200000000000.0,,
237,10951,381,False,,,1600000000.0,,
238,10952,456,False,,,2400000000.0,,
239,10953,297,False,1,bad,600000000.0,288,263
240,10954,304,False,,,1500000000.0,,
241,10955,478,False,-1,good,2550000000.0,469,444
242,10956,349,False,,,500000000.0,,
243,10957,421,False,,,4600000000.0,,
244,10958,436,False,1,good,5000000000.0,433,408
245,10959,634,False,1,good,4750000000.0,611,586
246,10960,373,False,,,8250000000.0,,
247,10961,720,False,,,180.0,,
248,10962,379,False,,,1000000000.0,,
249,10963,509,False,,,3500000000.0,,
250,10964,297,False,1,good,45000000000.0,292,267
251,10965,439,False,1,good,40000000000.0,436,411
252,10966,395,False,1,good,31500000000.0,381,356
253,10967,380,False,,,300000000.0,,
254,10968,423,False,,,600000000000.0,,
255,10969,336,False,,,125000000000.0,,
256,10970,485,False,1,bad,1800000000.0,447,422
257,10971,342,False,,,3500000000.0,,
258,10972,440,False,,,4000000000.0,,
259,10973,446,False,1,good,6000000000.0,421,396
260,10974,488,False,,,450000000.0,,
261,10975,388,False,1,good,50000000000.0,355,330
262,10976,464,False,,,12500000000.0,,
263,10977,487,False,1,good,216000000000.0,427,402
264,10978,352,False,,,30000000000.0,,
265,10979,617,False,,,45000000000.0,,
266,10980,515,False,1,good,45000000000.0,313,288
267,10981,480,False,,,300000000000.0,,
268,10982,341,False,,,12.5,,
269,10983,415,False,1,bad,3000000000.0,391,366
270,10984,433,False,,,5000000000.0,,
271,10985,415,False,1,good,8000000000.0,409,384
272,10986,552,False,,,4800000000.0,,
273,10987,329,False,1,good,97500000000.0,319,294
274,10988,360,False,,,2000000000.0,,
275,10989,475,False,,,4500.0,,
276,10990,414,False,1,good,5000000000.0,350,325
277,10991,520,False,1,bad,288000000.0,492,467
278,10992,429,False,,,2300000000.0,,
279,10993,534,False,-1,bad,6750000000000.0,485,460
280,10994,356,False,1,good,4800000000.0,349,324
281,10995,352,False,,,269500000.0,,
282,10996,612,False,,,5000000000.0,,
283,10997,447,False,,,3500000000.0,,
284,10998,437,False,,,10000000000.0,,
285,10999,355,False,1,bad,3250000000.0,325,300
286,11000,461,False,1,good,200000000000.0,364,339
287,11001,388,False,-1,good,3750000000.0,371,346
288,11002,392,False,,,750000000.0,,
289,11003,392,False,,,350000000000.0,,
290,11004,429,False,1,good,12000000000.0,426,401
291,11005,473,False,-1,good,2400000000.0,464,439
292,11006,785,False,,,750000000.0,,
293,11007,336,False,1,bad,750000000.0,313,288
294,11008,419,False,,,100000000000.0,,
295,11009,525,False,,,3000000000.0,,
296,11010,586,False,,,3500000000.0,,
297,11011,668,False,,,4000000000.0,,
298,11012,366,False,1,good,122500000000.0,363,338
299,11013,412,False,,,17500000000.0,,
300,11014,499,False,-1,bad,145000000000.0,475,450
301,11015,436,False,,,12000000000.0,,
302,11016,639,False,,,900000000.0,,
303,11017,513,False,1,good,10500000000.0,479,454
304,11018,407,False,,,5000000000.0,,
305,11019,383,False,,,1150000000.0,,
306,11020,420,False,,,150000000000.0,,
307,11021,322,False,,,4800000000.0,,
308,11022,444,False,-1,good,1072500000.0,432,407
309,11023,403,False,1,good,11375000000.0,400,375
310,11024,500,False,1,good,144000000000.0,497,472
311,11025,383,False,,,25000000000.0,,
312,11026,431,False,,,5040000000.0,,
313,11027,426,False,,,58500000000.0,,
314,11028,393,False,,,2000000000.0,,
315,11029,495,False,1,bad,4375000000.0,486,461
316,11030,402,False,1,good,10000000000.0,399,374
317,11031,405,False,1,bad,1500000000.0,381,356
318,11032,323,False,1,good,55000000000.0,282,257
319,11033,404,False,1,good,100000000000.0,302,277
320,11034,437,False,,,4000000000.0,,
321,11035,400,False,1,good,50000000000.0,397,372
322,11036,563,False,,,2500000000.0,,
323,11037,392,False,1,good,12500000000.0,385,360
324,11038,343,False,-1,good,206250000.0,305,280
325,11039,385,False,,,4375000000.0,,
326,11040,584,False,1,good,15000000000.0,581,556
327,11041,400,False,1,good,240000000000.0,393,368
328,11042,406,False,,,7000000000.0,,
329,11043,539,False,-1,bad,300000000000.0,342,317
330,11044,421,False,1,good,20000000000.0,390,365
331,11045,444,False,-1,good,500000000.0,441,416
332,11046,406,False,,,1000000000.0,,
333,11047,415,False,,,45000000000.0,,
334,11048,370,False,1,bad,2500000000.0,343,318
335,11049,376,False,1,good,5520000000.0,365,340
336,11050,373,False,,,2000000000.0,,
337,11051,502,False,,,3000000000.0,,
338,11052,641,False,1,good,120000000000.0,610,585
339,11053,362,False,1,bad,1600000000.0,355,330
340,11054,432,False,1,good,70000000000.0,427,402
341,11055,355,False,-1,good,1000000000.0,352,327
342,11056,479,False,,,12960000000.0,,
343,11057,432,False,,,3000000000.0,,
344,11058,480,False,,,14000000000.0,,
345,11059,464,False,1,good,34125000000.0,452,427
346,11060,428,False,,,3000000000.0,,
347,11061,372,False,-1,good,900000000.0,365,340
348,11062,399,False,1,good,10500000000.0,333,308
349,11063,388,False,,,11250000000.0,,
350,11064,324,False,,,75000000000.0,,
351,11065,354,False,1,good,12000000000.0,348,323
352,11066,402,False,-1,bad,250000000000.0,396,371
353,11067,650,False,1,bad,16329000.0,606,581
354,11068,338,False,-1,bad,5000000000.0,331,306
355,11069,441,False,,,16250000000.0,,
356,11070,398,False,1,bad,3750000000.0,385,360
357,11071,363,False,1,good,13500000000.0,323,298
358,11072,373,False,-1,good,1125000000.0,362,337
359,11073,425,False,1,good,7500000000.0,387,362
360,11074,610,False,,,480000000000.0,,
361,11075,344,False,,,1750000000.0,,
362,11076,417,False,1,good,8000000000.0,411,386
363,11077,482,False,,,4000000000.0,,
364,11078,373,False,,,3000000000.0,,
365,11079,464,False,,,3600000000.0,,
366,11080,454,False,,,2000000000.0,,
367,11081,420,False,,,2500000000.0,,
368,11082,345,False,,,9000000000.0,,
369,11083,409,False,1,good,10000000000.0,406,381
370,11084,386,False,,,4000000000.0,,
371,11085,434,False,-1,good,1050000000.0,426,401
372,11086,516,False,-1,good,4000000000.0,513,488
373,11087,382,False,-1,good,2500000000.0,379,354
374,11088,438,False,1,bad,1500000000.0,391,366
375,11089,544,False,,,4000000000.0,,
376,11090,519,False,,,4800000000.0,,
377,11091,509,False,,,50000000000.0,,
378,11092,383,False,1,good,75000000000.0,342,317
379,11093,441,False,,,4000000000.0,,
380,11094,387,False,1,bad,875000000.0,372,347
381,11095,590,False,,,2500000000.0,,
382,11096,378,False,,,3000000000.0,,
383,11097,340,False,,,96000000000.0,,
384,11098,398,False,,,480000000.0,,
385,11099,388,False,,,2800000000.0,,
386,11100,265,False,,,2500000000.0,,
387,11101,433,False,,,4000000000.0,,
388,11102,401,False,1,bad,2750000000.0,384,359
389,11103,346,False,1,good,15000000000.0,340,315
390,11104,613,False,1,good,30000000000.0,606,581
391,11105,380,False,1,good,25000000000.0,372,347
392,11106,425,False,,,5000000000.0,,
393,11107,765,False,,,4000000000.0,,
394,11108,354,False,,,200000000.0,,
395,11109,420,False,1,good,5000000000.0,411,386
396,11110,288,False,1,good,37500000000.0,277,252
397,11111,411,False,-1,good,300000000.0,403,378
398,11112,441,False,,,200000000000.0,,
399,11113,365,False,1,good,6000000000.0,362,337
400,11114,696,False,,,4000000000.0,,
401,11115,398,False,,,7500000000.0,,
402,11116,292,False,,,2500000000.0,,
403,11117,410,False,1,good,7500000000.0,400,375
404,11118,500,False,,,975000000.0,,
405,11119,467,False,-1,good,2800000000.0,408,383
406,11120,440,False,,,25000000000.0,,
407,11121,675,False,-1,good,1000000000.0,325,300
408,11122,403,False,1,good,42000000000.0,400,375
409,11123,549,False,,,3000000000.0,,
410,11124,261,False,,,2000000000.0,,
411,11125,458,False,1,good,30000000000.0,394,369
412,11126,452,False,,,7500000000.0,,
413,11127,375,False,,,3000000000.0,,
414,11128,391,False,,,3000000000.0,,
415,11129,399,False,,,2500000000.0,,
416,11130,400,False,,,32000000000.0,,
417,11131,547,False,,,10000000000.0,,
418,11132,865,False,,,3900000000.0,,
419,11133,520,False,-1,good,4250000000.0,286,261
420,11134,373,False,1,good,8000000000.0,362,337
421,11135,413,False,,,3000000000.0,,
422,11136,437,False,1,bad,1125000000.0,406,381
423,11137,396,False,,,2500000000.0,,
424,11138,502,False,,,1275000000.0,,
425,11139,353,False,,,6125000000.0,,
426,11140,845,False,,,3500000000.0,,
427,11141,456,False,-1,good,1650000000.0,414,389
428,11142,338,False,1,bad,1800000000.0,329,304
429,11143,335,False,-1,good,925000000.0,332,307
430,11144,369,False,-1,good,4000000000.0,355,330
431,11145,387,False,1,good,10000000000.0,364,339
432,11146,416,False,1,bad,2250000000.0,407,382
433,11147,572,False,-1,good,4000000000.0,478,453
434,11148,453,False,,,4000000000.0,,
435,11149,392,False,1,good,125000000000.0,383,358
436,11150,378,False,,,4000000000.0,,
437,11151,340,False,,,2500000000.0,,
438,11152,454,False,1,good,450000000000.0,420,395
439,11153,506,False,,,3000000000.0,,
440,11154,397,False,1,good,15000000000.0,392,367
441,11155,429,False,,,60000000000.0,,
442,11156,362,False,1,good,15000000000.0,359,334
443,11157,461,False,,,7800000000.0,,
444,11158,336,False,,,4400000000.0,,
445,11159,386,False,,,55000000000.0,,
446,11160,340,False,,,7000000000.0,,
447,11161,407,False,-1,good,1200000000.0,370,345
448,11162,376,False,,,3000000000.0,,
449,11163,562,False,1,good,7402500000.0,559,534
450,11164,492,False,1,good,13000000000.0,479,454
451,11165,345,False,,,4000000000.0,,
452,11166,325,False,,,20000000000.0,,
453,11167,458,False,1,good,8250000000.0,437,412
454,11168,684,False,,,4000000000.0,,
455,11169,374,False,1,good,75000000000.0,371,346
456,11170,831,False,,,4000000000.0,,
457,11171,1105,False,,,4000000000.0,,
458,11172,535,False,1,good,50000000000.0,528,503
459,11173,654,False,,,30000000000.0,,
460,11174,306,False,-1,good,3750000000.0,303,278
461,11175,329,False,1,good,35000000000.0,318,293
462,11176,451,False,,,500000000.0,,
463,11177,331,False,,,4700000000.0,,
464,11178,602,False,,,4000000000.0,,
465,11179,331,False,1,bad,1350000000.0,326,301
466,11180,369,False,1,good,4650000000.0,366,341
467,11181,377,False,1,good,5000000000.0,362,337
468,11182,448,False,-1,good,525000000.0,445,420
469,11183,379,False,,,70000000000.0,,
470,11184,467,False,,,900.0,,
471,11185,360,False,,,20000000000.0,,
472,11186,476,False,,,4375000000.0,,
473,11187,339,False,,,4000000000.0,,
474,11188,395,False,,,10000000000.0,,
475,11189,369,False,1,good,22400000000.0,352,327
476,11190,395,False,,,10000000000.0,,
477,11191,467,False,,,20000000000.0,,
478,11192,377,False,1,good,250000000000.0,369,344
479,11193,418,False,-1,good,4000000000.0,415,390
480,11194,402,False,,,150000000.0,,
481,11195,382,False,,,4000000000.0,,
482,11196,412,False,1,good,109500000000.0,409,384
483,11197,371,False,1,good,40000000000.0,365,340
484,11198,345,False,,,5000000000.0,,
485,11199,315,False,,,4000000000.0,,
486,11200,378,False,1,good,25000000000.0,369,344
487,11201,411,False,-1,good,345000000.0,380,355
488,11202,444,False,1,bad,3600000000.0,433,408
489,11203,364,False,,,2200000000.0,,
490,11204,370,False,,,50000000000.0,,
491,11205,491,False,,,37500000000.0,,
492,11206,369,False,1,good,550000000000.0,361,336
493,11207,520,False,1,good,81250000000.0,517,492
494,11208,455,False,,,4000000000.0,,
495,11209,377,False,,,5200000000.0,,
496,11210,472,False,1,good,27000000000.0,456,431
497,11211,470,False,,,3750000000.0,,
498,11212,379,False,1,bad,35000000.0,347,322
499,11213,357,False,,,2250000000.0,,
500,11214,469,False,,,375000000000.0,,
501,11215,703,False,,,70000000000.0,,
502,11216,344,False,,,37500000000.0,,
503,11217,452,False,,,4000000000.0,,
504,11218,396,False,,,700.0,,
505,11219,423,False,,,14000000000.0,,
506,11220,357,False,,,10000000000.0,,
507,11221,366,False,,,4162500000.0,,
508,11222,373,False,1,good,75000000000.0,333,308
509,11223,317,False,,,4900000000.0,,
510,11224,379,False,,,1000000000.0,,
511,11225,282,False,1,good,112500000000.0,275,250
512,11226,408,False,,,2250000000000.0,,
513,11227,373,False,,,600000000000.0,,
514,11228,448,False,,,30000000000.0,,
515,11229,573,False,1,bad,2100000000.0,548,523
516,11230,557,False,,,4000000000.0,,
517,11231,362,False,,,7500000000.0,,
518,11232,656,False,,,3500000000.0,,
519,11233,376,False,1,good,30000000000.0,368,343
520,11234,425,False,1,good,48000000000.0,416,391
521,11235,470,False,,,2500000000.0,,
522,11236,295,False,,,200000000.0,,
523,11237,356,False,1,good,15900000000.0,346,321
524,11238,354,False,1,bad,3450000000.0,351,326
525,11239,684,False,,,9000.0,,
526,11240,511,False,,,57500000000.0,,
527,11241,303,False,1,bad,900000000.0,300,275
528,11242,392,False,,,50000000000.0,,
529,11243,614,False,,,10000000000.0,,
530,11244,391,False,,,32000000000.0,,
531,11245,421,False,,,3600000000.0,,
532,11246,601,False,,,3800000000.0,,
533,11247,375,False,1,good,25000000000.0,372,347
534,11248,438,False,,,20000000000.0,,
535,11249,275,False,1,good,37500000000.0,264,239
536,11250,374,False,1,good,20000000000.0,362,337
537,11251,396,False,,,4000000000.0,,
538,11252,324,False,,,1500000000.0,,
539,11253,384,False,-1,good,200000000.0,375,350
540,11254,977,False,,,4200000000.0,,
541,11255,371,False,,,240000000000.0,,
542,11256,383,False,,,3000000000.0,,
543,11257,393,False,1,good,122500000000.0,385,360
544,11258,338,False,,,625000000.0,,
545,11259,559,False,,,2750000000.0,,
546,11260,551,False,,,300000000.0,,
547,11261,480,False,1,good,35000000000.0,477,452
548,11262,344,False,,,7500000000.0,,
549,11263,480,False,1,bad,150000000.0,449,424
550,11264,438,False,-1,good,3000000000.0,435,410
551,11265,502,False,,,3000000000.0,,
552,11266,400,False,,,1400000000.0,,
553,11267,373,False,,,1000000000.0,,
554,11268,409,False,,,2200000000.0,,
555,11269,360,False,-1,good,3000000000.0,357,332
556,11270,386,False,,,750000000.0,,
557,11271,429,False,,,1600000000.0,,
558,11272,354,False,1,good,35000000000.0,332,307
559,11273,430,False,1,bad,1625000000.0,420,395
560,11274,399,False,1,good,150000000000.0,392,367
561,11275,459,False,,,1500000000.0,,
562,11276,391,False,,,6000000000.0,,
563,11277,531,False,,,4200000000.0,,
564,11278,426,False,,,15000.0,,
565,11279,534,False,,,2300000000.0,,
566,11280,450,False,,,3600000000.0,,
567,11281,365,False,,,500000000.0,,
568,11282,420,False,,,2400000000.0,,
569,11283,380,False,,,1500.0,,
570,11284,377,False,,,25000000000.0,,
571,11285,522,False,1,good,9000000000.0,514,489
572,11286,401,False,,,5600000000.0,,
573,11287,315,False,,,5000000000.0,,
574,11288,361,False,,,192500000.0,,
575,11289,424,False,,,10000000000.0,,
576,11290,402,False,1,good,11250000000.0,329,304
577,11291,512,False,1,bad,1920000000.0,504,479
578,11292,388,False,,,3500000000.0,,
579,11293,317,False,,,10000000000.0,,
580,11294,393,False,,,15000000000.0,,
581,11295,388,False,,,24000000000.0,,
582,11296,399,False,,,10000000000.0,,
583,11297,455,False,1,good,8750000000.0,450,425
584,11298,425,False,1,good,42000000000.0,414,389
585,11299,500,False,,,6500000000.0,,
586,11300,344,False,1,good,70000000000.0,333,308
587,11301,652,False,,,4000000000.0,,
588,11302,366,False,,,4000000000.0,,
589,11303,358,False,-1,good,600000000.0,350,325
590,11304,439,False,,,2100000000.0,,
591,11305,381,False,1,bad,2500000000.0,348,323
592,11306,241,False,,,175000000.0,,
593,11307,412,False,1,good,360000000000.0,346,321
594,11308,574,False,,,4000000000.0,,
595,11309,403,False,,,2500000000.0,,
596,11310,393,False,1,good,18750000000.0,383,358
597,11311,372,False,,,2250000000.0,,
598,11312,290,False,1,good,10000000000.0,287,262
599,11313,447,False,,,25000000000.0,,
600,11314,406,False,,,1250000000.0,,
601,11315,420,False,-1,good,3000000000.0,408,383
602,11316,344,False,-1,good,1206250000.0,337,312
603,11317,414,False,1,good,24500000000.0,406,381
604,11318,396,False,1,good,14062500000.0,393,368
605,11319,365,False,,,5000000000.0,,
606,11320,628,False,,,4000000000.0,,
607,11321,356,False,-1,good,4000000000.0,353,328
608,11322,502,False,,,1875000000000.0,,
609,11323,425,False,,,920000000.0,,
610,11324,376,False,1,good,9000000000.0,373,348
611,11325,456,False,,,2100000000.0,,
612,11326,333,False,-1,good,3000000000.0,319,294
613,11327,372,False,,,4200000000.0,,
614,11328,373,False,-1,bad,60000000000.0,354,329
615,11329,382,False,,,3400000000.0,,
616,11330,519,False,,,450000000.0,,
617,11331,383,False,,,5000000000.0,,
618,11332,379,False,,,44000000000.0,,
619,11333,363,False,1,good,87500000000.0,360,335
620,11334,423,False,1,good,40000000000.0,413,388
621,11335,529,False,,,2000000000.0,,
622,11336,394,False,,,5500000000.0,,
623,11337,443,False,,,281250000.0,,
624,11338,390,False,,,1250000000.0,,
625,11339,343,False,1,good,16250000000.0,340,315
626,11340,377,False,1,good,21000000000.0,374,349
627,11341,561,False,,,45000000000.0,,
628,11342,531,False,,,28.0,,
629,11343,526,False,,,2600000000.0,,
630,11344,366,False,,,3000000000.0,,
631,11345,386,False,,,1912500000.0,,
632,11346,404,False,,,7500000000.0,,
633,11347,342,False,1,good,25000000000.0,333,308
634,11348,351,False,,,4000000000.0,,
635,11349,415,False,,,2700000000.0,,
636,11350,422,False,1,bad,450000000.0,419,394
637,11351,370,False,,,135000000000.0,,
638,11352,384,False,1,good,30000000000.0,320,295
639,11353,517,False,,,1500000000.0,,
640,11354,272,False,,,500000000.0,,
641,11355,609,False,,,900.0,,
642,11356,470,False,,,12000000000.0,,
643,11357,498,False,-1,good,3000000000.0,490,465
644,11358,440,False,,,625000000000.0,,
645,11359,476,False,,,5500000000.0,,
646,11360,401,False,,,12000000000.0,,
647,11361,518,False,1,bad,2800000000.0,464,439
648,11362,367,False,1,good,16000000000.0,357,332
649,11363,489,False,1,good,35000000000.0,482,457
650,11364,417,False,1,bad,300000000.0,409,384
651,11365,511,False,-1,good,1000000000.0,503,478
652,11366,302,False,-1,good,2000000000.0,282,257
653,11367,400,False,-1,good,3000000000.0,392,367
654,11368,321,False,1,good,25000000000.0,253,228
655,11369,626,False,,,180.0,,
656,11370,492,False,,,4000000000.0,,
657,11371,355,False,1,bad,125000000.0,347,322
658,11372,620,False,,,1125000000.0,,
659,11373,370,False,1,good,6000000000.0,360,335
660,11374,372,False,1,good,16000000000.0,369,344
661,11375,442,False,,,3500000000.0,,
662,11376,489,False,,,3000000000.0,,
663,11377,422,False,,,4000000000.0,,
664,11378,403,False,1,good,12500000000.0,369,344
665,11379,376,False,1,good,13500000000.0,363,338
666,11380,350,False,1,good,50000000000.0,344,319
667,11381,385,False,,,1500000000.0,,
668,11382,533,False,,,4200000000.0,,
669,11383,434,False,,,100000000000.0,,
670,11384,537,False,,,3450000000.0,,
671,11385,415,False,1,good,390000000000.0,405,380
672,11386,494,False,,,3500000000.0,,
673,11387,481,False,1,bad,4000000000.0,458,433
674,11388,332,False,,,7000000000.0,,
675,11389,384,False,1,good,9000000000.0,381,356
676,11390,528,False,,,5000000000.0,,
677,11391,397,False,1,bad,2400000000.0,394,369
678,11392,386,False,1,good,8000000000.0,348,323
679,11393,317,False,,,625000000.0,,
680,11394,516,False,-1,good,750000000.0,505,480
681,11395,475,False,,,2000000000.0,,
682,11396,320,False,1,good,4725000000.0,314,289
683,11397,436,False,1,bad,1000000000.0,433,408
684,11398,341,False,,,15000000000.0,,
685,11399,450,False,1,good,90000000000.0,441,416
686,11400,339,False,1,good,47244000000.0,308,283
687,11401,364,False,,,4000000000.0,,
688,11402,464,False,1,good,5000000000.0,456,431
689,11403,453,False,1,good,4800000000.0,441,416
690,11404,423,False,,,25000000000.0,,
691,11405,323,False,,,1875000000.0,,
692,11406,392,False,1,bad,1100000000.0,369,344
693,11407,357,False,1,good,27875000000.0,346,321
694,11408,394,False,1,good,37850000000.0,357,332
695,11409,360,False,1,good,5000000000.0,355,330
696,11410,465,False,,,3000000000.0,,
697,11411,582,False,,,800000000000.0,,
698,11412,371,False,1,good,48750000000.0,364,339
699,11413,263,False,1,good,90000000000.0,255,230
700,11414,455,False,1,good,12500000000.0,407,382
701,11415,434,False,,,3750000000.0,,
702,11416,414,False,,,300000000000.0,,
703,11417,432,False,1,good,175000000000.0,389,364
704,11418,321,False,,,400000000.0,,
705,11419,381,False,-1,good,3000000000.0,368,343
706,11420,401,False,1,good,10000000000.0,394,369
707,11421,354,False,,,2500000000.0,,
708,11422,526,False,,,4800000000.0,,
709,11423,428,False,,,5000000000.0,,
710,11424,427,False,,,412500000.0,,
711,11425,403,False,1,bad,4000000000.0,391,366
712,11426,469,False,,,10000000000.0,,
713,11427,469,False,1,good,15000000000.0,466,441
714,11428,423,False,,,1050000000.0,,
715,11429,457,False,1,good,7000000000.0,454,429
716,11430,451,False,1,bad,600000000.0,419,394
717,11431,310,False,,,562500000.0,,
718,11432,309,False,1,good,12500000000.0,275,250
719,11433,335,False,,,6400000000.0,,
720,11434,384,False,-1,bad,8750000000.0,373,348
721,11435,461,False,,,7000000000.0,,
722,11436,402,False,1,good,6250000000.0,391,366
723,11437,448,False,1,bad,4000000000.0,438,413
724,11438,400,False,,,47500000000.0,,
725,11439,421,False,1,bad,1053000000.0,362,337
726,11440,382,False,,,2400000000.0,,
727,11441,407,False,,,24000000000.0,,
728,11442,289,False,,,1250000000.0,,
729,11443,449,False,,,3000000000.0,,
730,11444,366,False,1,bad,1400000000.0,355,330
731,11445,424,False,,,1968750000.0,,
732,11446,499,False,,,2500000000.0,,
733,11447,305,False,,,3750000000.0,,
734,11448,394,False,,,1800000000.0,,
735,11449,383,False,,,500000000.0,,
736,11450,386,False,,,75000000000.0,,
737,11451,578,False,1,good,17500000000.0,569,544
738,11452,365,False,,,4000000000.0,,
739,11453,315,False,,,45000000000.0,,
740,11454,498,False,,,300000000.0,,
741,11455,377,False,1,good,25000000000.0,368,343
742,11456,384,False,1,good,18000000000.0,381,356
743,11457,431,False,,,750000000.0,,
744,11458,792,False,,,5000000000.0,,
745,11459,457,False,,,10000000000.0,,
746,11460,436,False,1,bad,625000000.0,428,403
747,11461,418,False,,,25000000000.0,,
748,11462,470,False,,,5460000.0,,
749,11463,373,False,-1,good,1500000000.0,358,333
750,11464,393,False,1,good,6000000000.0,390,365
751,11465,411,False,1,good,19500000000.0,400,375
752,11466,518,False,,,1725000000.0,,
753,11467,387,False,1,good,195000000000.0,384,359
754,11468,331,False,1,good,62500000000.0,328,303
755,11469,411,False,,,5000000000.0,,
756,11470,315,False,,,24000000000.0,,
757,11471,340,False,-1,good,2000000000.0,297,272
758,11472,321,False,-1,bad,37500000000.0,308,283
759,11473,344,False,,,1800000000.0,,
760,11474,383,False,,,900000000.0,,
761,11475,366,False,,,900000000.0,,
762,11476,400,False,,,33750000000.0,,
763,11477,413,False,,,75000000000.0,,
764,11478,430,False,1,bad,262500000.0,398,373
765,11479,411,False,1,good,87000000000.0,382,357
766,11480,413,False,,,4500.0,,
767,11481,424,False,1,good,25000000000.0,421,396
768,11482,466,False,1,bad,1800000000.0,463,438
769,11483,393,False,,,750000000000.0,,
770,11484,384,False,1,bad,4000000000.0,361,336
771,11485,361,False,1,good,44550000000.0,353,328
772,11486,351,False,1,bad,375000000.0,315,290
773,11487,327,False,,,120000000000.0,,
774,11488,443,False,,,3000000000.0,,
775,11489,431,False,1,good,1500000000000.0,428,403
776,11490,419,False,1,good,4800000000.0,416,391
777,11491,389,False,1,good,10000000000.0,379,354
778,11492,436,False,1,good,21000000000.0,401,376
779,11493,321,False,,,3200000000.0,,
780,11494,488,False,,,1800000000.0,,
781,11495,533,False,,,7.0,,
782,11496,419,False,1,good,236220000000.0,372,347
783,11497,503,False,,,180.0,,
784,11498,620,False,,,4000000000.0,,
785,11499,401,False,1,good,10000000000.0,398,373
786,11500,654,False,,,50000000000.0,,
787,11501,400,False,1,good,10000000000.0,383,358
788,11502,366,False,,,1350000000.0,,
789,11503,441,False,,,1000000000.0,,
790,11504,688,False,,,300000000.0,,
791,11505,456,False,1,good,8125000000.0,453,428
792,11506,422,False,1,good,292500000000.0,399,374
793,11507,484,False,1,good,337500000000.0,467,442
794,11508,390,False,1,good,40000000000.0,383,358
795,11509,335,False,,,18000000000.0,,
796,11510,372,False,1,good,24000000000.0,369,344
797,11511,345,False,,,850000000.0,,
798,11512,466,False,,,2100000000.0,,
799,11513,730,False,,,4000000000.0,,
800,11514,357,False,,,75000000000.0,,
801,11515,661,False,,,2500000000.0,,
802,11516,442,False,1,good,260000000000.0,434,409
803,11517,387,False,1,good,50000000000.0,354,329
804,11518,376,False,1,bad,1800000000.0,373,348
805,11519,331,False,1,bad,2700000000.0,323,298
806,11520,339,False,,,52000000000.0,,
807,11521,407,False,,,6000000000.0,,
808,11522,338,False,,,7500000000.0,,
809,11523,420,False,,,4000000000.0,,
810,11524,383,False,1,good,7500000000.0,361,336
811,11525,347,False,1,good,50000000000.0,334,309
812,11526,427,False,,,2100000000.0,,
813,11527,365,False,1,good,75000000000.0,362,337
814,11528,353,False,1,good,125000000000.0,304,279
815,11529,416,False,1,good,100000000000.0,408,383
816,11530,323,False,,,2700000000.0,,
817,11531,347,False,,,2500000000.0,,
818,11532,635,False,,,3500000000.0,,
819,11533,376,False,,,6000000000.0,,
820,11534,592,False,,,300000000.0,,
821,11535,406,False,1,bad,1000000000.0,403,378
822,11536,401,False,1,bad,2400000000.0,390,365
823,11537,367,False,,,5600000000.0,,
824,11538,408,False,,,5000000000.0,,
825,11539,382,False,-1,bad,162500000000.0,367,342
826,11540,447,False,,,75000000000.0,,
827,11541,424,False,,,5000000000.0,,
828,11542,350,False,1,good,90000000000.0,347,322
829,11543,332,False,,,2625000000.0,,
830,11544,383,False,1,good,30800000000.0,380,355
831,11545,335,False,,,69000000000.0,,
832,11546,393,False,,,5400000000.0,,
833,11547,580,False,-1,good,4000000000.0,563,538
834,11548,465,False,,,750000000.0,,
835,11549,375,False,1,good,100000000000.0,365,340
836,11550,464,False,1,good,12500000000.0,461,436
837,11551,333,False,-1,good,2550000000.0,315,290
838,11552,431,False,1,good,20000000000.0,424,399
839,11553,293,False,,,30000000000.0,,
840,11554,587,False,,,100.0,,
841,11555,423,False,,,30000000000.0,,
842,11556,345,False,1,good,43750000000.0,335,310
843,11557,529,False,-1,good,600000000.0,522,497
844,11558,627,False,,,1500.0,,
845,11559,375,False,1,good,21000000000.0,368,343
846,11560,382,False,1,bad,125000000.0,337,312
847,11561,464,False,1,bad,3500000000.0,453,428
848,11562,504,False,1,bad,1125000000.0,494,469
849,11563,427,False,-1,good,3000000000.0,418,393
850,11564,397,False,1,bad,525000000.0,388,363
851,11565,351,False,,,3000000000.0,,
852,11566,388,False,,,43750000000.0,,
853,11567,384,False,1,good,250000000000.0,375,350
854,11568,456,False,,,1400000000.0,,
855,11569,384,False,,,2250000000.0,,
856,11570,380,False,-1,good,4000000000.0,289,264
857,11571,456,False,-1,bad,40000000000.0,444,419
858,11572,458,False,,,4000000000.0,,
859,11573,472,False,,,12000000000.0,,
860,11574,412,False,1,good,12000000000.0,402,377
861,11575,459,False,,,13750000000.0,,
862,11576,353,False,,,1500000000.0,,
863,11577,413,False,-1,good,3000000000.0,410,385
864,11578,390,False,1,good,48750000000.0,384,359
865,11579,511,False,,,400000000.0,,
866,11580,464,False,1,bad,1750000000.0,434,409
867,11581,329,False,,,1080000000.0,,
868,11582,365,False,,,500000000.0,,
869,11583,468,False,,,15000000000.0,,
870,11584,617,False,,,4000000000.0,,
871,11585,426,False,,,6000000000.0,,
872,11586,429,False,1,good,10000000000.0,421,396
873,11587,678,False,,,4200000000.0,,
874,11588,583,False,,,4000000000.0,,
875,11589,522,False,,,4000000000.0,,
876,11590,351,False,,,12500000000.0,,
877,11591,510,False,,,24000000000.0,,
878,11592,577,False,,,4000000000.0,,
879,11593,528,False,1,good,44000000000.0,525,500
880,11594,419,False,,,10000000000.0,,
881,11595,356,False,-1,bad,21000000000.0,346,321
882,11596,428,False,1,good,57000000000.0,419,394
883,11597,371,False,,,1250000000.0,,
884,11598,343,False,1,good,12000000000.0,305,280
885,11599,431,False,,,6000000000.0,,
886,11600,427,False,,,50000000000.0,,
887,11601,356,False,1,bad,2500000000.0,347,322
888,11602,537,False,,,3000000000.0,,
889,11603,420,False,-1,bad,7500000000.0,411,386
890,11604,346,False,,,4500000.0,,
891,11605,430,False,,,13000000000.0,,
892,11606,377,False,1,good,6250000000.0,367,342
893,11607,658,False,,,45000000000.0,,
894,11608,291,False,,,2100000000.0,,
895,11609,407,False,1,bad,2500000000.0,399,374
896,11610,390,False,,,2000000000.0,,
897,11611,405,False,,,4500.0,,
898,11612,427,False,,,2000000000.0,,
899,11613,353,False,1,good,18750000000.0,343,318
900,11614,690,False,,,4475000000.0,,
901,11615,428,False,,,10500000000.0,,
902,11616,380,False,1,good,350000000000.0,372,347
903,11617,440,False,,,10500000000.0,,
904,11618,672,False,,,4400000000.0,,
905,11619,362,False,1,good,100000000000.0,359,334
906,11620,388,False,1,good,22500000000.0,381,356
907,11621,457,False,1,bad,625000000.0,423,398
908,11622,429,False,1,good,234375000000.0,402,377
909,11623,352,False,1,bad,3000000000.0,349,324
910,11624,682,False,,,180.0,,
911,11625,418,False,,,4000000000.0,,
912,11626,386,False,1,good,350000000000.0,383,358
913,11627,314,False,,,50000000000.0,,
914,11628,354,False,1,good,5250000000.0,341,316
915,11629,415,False,,,828000000.0,,
916,11630,548,False,1,bad,3300000000.0,508,483
917,11631,750,False,,,3000.0,,
918,11632,299,False,1,good,12500000000.0,275,250
919,11633,364,False,,,5175000000.0,,
920,11634,453,False,1,good,24000000000.0,427,402
921,11635,600,False,,,4000000000.0,,
922,11636,450,False,1,good,5000000000.0,382,357
923,11637,382,False,1,good,350000000000.0,379,354
924,11638,434,False,-1,good,2500000000.0,431,406
925,11639,362,False,1,good,5500000000.0,359,334
926,11640,354,False,-1,bad,14000000000.0,344,319
927,11641,431,False,,,11900000000.0,,
928,11642,440,False,-1,good,1250000000.0,437,412
929,11643,335,False,,,60000000000.0,,
930,11644,415,False,1,good,37500000000.0,408,383
931,11645,347,False,1,bad,1250000000.0,334,309
932,11646,475,False,1,good,5000000000.0,472,447
933,11647,418,False,1,good,52500000000.0,407,382
934,11648,377,False,1,bad,800000000.0,349,324
935,11649,361,False,,,450000000000.0,,
936,11650,394,False,1,good,18750000000.0,374,349
937,11651,550,False,,,10000000000.0,,
938,11652,454,False,,,6400000000.0,,
939,11653,782,False,,,4000000000.0,,
940,11654,644,False,,,4000000000.0,,
941,11655,467,False,,,80000000000.0,,
942,11656,347,False,1,good,10500000000.0,338,313
943,11657,486,False,1,bad,1000000000.0,433,408
944,11658,540,False,1,bad,1728000000.0,537,512
945,11659,335,False,,,18000000000.0,,
946,11660,427,False,,,50000000000.0,,
947,11661,334,False,1,good,16000000000.0,331,306
948,11662,474,False,,,10000000.0,,
949,11663,391,False,1,bad,2500000000.0,376,351
950,11664,326,False,,,2000000.0,,
951,11665,372,False,,,750000000.0,,
952,11666,687,False,,,1500.0,,
953,11667,376,False,,,3000000000.0,,
954,11668,344,False,,,137500000000.0,,
955,11669,401,False,1,good,250000000000.0,398,373
956,11670,507,False,,,4200000000.0,,
957,11671,351,False,,,1250000000.0,,
958,11672,426,False,,,1000000000.0,,
959,11673,331,False,,,1800.0,,
960,11674,680,False,,,3000000000.0,,
961,11675,331,False,,,100000000.0,,
962,11676,375,False,1,good,10000000000.0,372,347
963,11677,317,False,1,good,162500000000.0,314,289
964,11678,443,False,,,3000000000.0,,
965,11679,398,False,-1,good,4000000000.0,387,362
966,11680,585,False,,,5000000000.0,,
967,11681,350,False,,,412500000.0,,
968,11682,388,False,,,650000000000.0,,
969,11683,489,False,1,good,240000000000.0,486,461
970,11684,487,False,-1,bad,300000000000.0,481,456
971,11685,445,False,1,good,15000000000.0,438,413
972,11686,354,False,1,good,20000000000.0,340,315
973,11687,373,False,1,good,25000000000.0,365,340
974,11688,348,False,,,122500000000.0,,
975,11689,390,False,1,good,8000000000.0,387,362
976,11690,365,False,,,850000000000.0,,
977,11691,467,False,1,good,12375000000.0,451,426
978,11692,369,False,,,17500000000.0,,
979,11693,416,False,,,5000000000.0,,
980,11694,448,False,,,24000000000.0,,
981,11695,436,False,1,bad,2700000000.0,402,377
982,11696,375,False,1,bad,275000000.0,360,335
983,11697,386,False,,,45000000000.0,,
984,11698,378,False,-1,bad,20000000000.0,368,343
985,11699,416,False,,,4800000000.0,,
986,11700,528,False,-1,good,45000000.0,489,464
987,11701,348,False,,,18750000000.0,,
988,11702,433,False,,,2040000000.0,,
989,11703,413,False,1,good,5625000000.0,410,385
990,11704,341,False,,,35000000000.0,,
991,11705,336,False,-1,good,475000000.0,333,308
992,11706,407,False,,,3000000000.0,,
993,11707,340,False,,,250000000000.0,,
994,11708,558,False,,,1500000000.0,,
995,11709,429,False,,,1350000000000.0,,
996,11710,645,False,1,good,45000000000.0,532,507
997,11711,441,False,-1,bad,28000000000.0,417,392
998,11712,386,False,,,5000000000.0,,
999,11713,289,False,1,bad,562500000.0,278,253
