direction,pair_index,arm,A_i,B_i,B_phat,toward_B_corr,toward_B_judge,verbalized,decoded,n_continuation_tokens,edit_norm_mean
mirror,0,SHAM,85,449,1,0,0,0,,30,
mirror,1,SHAM,373,782,1,0,0,0,,33,
mirror,2,SHAM,757,932,1,0,0,1,0,60,
mirror,3,SHAM,241,269,1,0,0,0,,37,
mirror,4,SHAM,225,89,1,0,0,0,,31,
mirror,5,SHAM,358,879,1,0,0,0,0,53,
mirror,6,SHAM,825,348,1,1,1,0,0,29,
mirror,7,SHAM,607,751,1,0,0,0,0,34,
mirror,8,SHAM,429,716,1,0,0,0,,26,
mirror,9,SHAM,347,688,1,0,0,1,,45,
mirror,10,SHAM,651,864,1,0,0,0,,17,
mirror,11,SHAM,419,50,1,0,0,0,0,426,
mirror,12,SHAM,183,466,1,0,0,0,0,104,
mirror,13,SHAM,308,458,1,0,0,1,,46,
mirror,14,SHAM,397,38,1,0,0,0,,42,
mirror,15,SHAM,56,975,1,0,0,0,0,62,
mirror,16,SHAM,291,706,1,0,0,1,,31,
mirror,17,SHAM,749,86,1,0,0,1,,52,
mirror,18,SHAM,928,442,1,0,0,0,0,26,
mirror,19,SHAM,653,830,1,0,0,0,0,22,
mirror,20,SHAM,720,686,1,1,1,1,,25,
mirror,21,SHAM,991,520,1,0,0,0,,55,
mirror,22,SHAM,468,713,1,0,0,0,,7,
mirror,23,SHAM,833,261,1,0,0,0,0,46,
mirror,24,SHAM,863,203,1,0,0,0,,25,
mirror,25,SHAM,643,323,1,0,0,0,0,28,
mirror,26,SHAM,372,559,1,0,0,0,,52,
mirror,27,SHAM,9,244,1,0,0,0,,31,
mirror,28,SHAM,160,197,1,0,0,0,0,36,
mirror,29,SHAM,837,577,1,0,0,0,0,28,
mirror,30,SHAM,589,620,1,0,0,1,0,63,
mirror,31,SHAM,371,664,1,0,0,1,,34,
mirror,32,SHAM,287,455,1,0,0,0,,23,
mirror,33,SHAM,965,162,1,0,0,0,0,50,
mirror,34,SHAM,92,892,1,0,0,0,0,35,
mirror,35,SHAM,487,395,1,0,0,0,,36,
mirror,36,SHAM,42,378,1,0,0,0,,18,
mirror,37,SHAM,14,19,1,0,0,0,,25,
mirror,38,SHAM,407,905,1,0,0,0,0,104,
mirror,39,SHAM,110,391,1,0,0,0,,24,
mirror,0,SWAP,85,449,1,0,0,0,,30,2.5115044116973877
mirror,1,SWAP,373,782,1,0,0,0,,33,2.9165115356445312
mirror,2,SWAP,757,932,1,0,0,0,0,61,2.651409864425659
mirror,3,SWAP,241,269,1,0,0,0,,37,2.9469051361083984
mirror,4,SWAP,225,89,1,0,0,1,,29,2.66512131690979
mirror,5,SWAP,358,879,1,0,0,0,0,77,2.7464184761047363
mirror,6,SWAP,825,348,1,1,1,0,0,29,2.6278443336486816
mirror,7,SWAP,607,751,1,0,0,0,0,34,2.650953769683838
mirror,8,SWAP,429,716,1,0,0,0,,26,2.560617685317993
mirror,9,SWAP,347,688,1,0,0,1,,45,3.075096845626831
mirror,10,SWAP,651,864,1,0,0,0,,16,3.999213218688965
mirror,11,SWAP,419,50,1,0,0,0,0,396,2.450786590576172
mirror,12,SWAP,183,466,1,0,0,0,0,100,2.7076995372772217
mirror,13,SWAP,308,458,1,0,0,1,,46,2.8093643188476562
mirror,14,SWAP,397,38,1,0,0,0,,42,2.6620171070098877
mirror,15,SWAP,56,975,1,0,0,0,0,62,2.6509511470794678
mirror,16,SWAP,291,706,1,0,0,1,,46,2.619652271270752
mirror,17,SWAP,749,86,1,0,0,0,,29,2.5386359691619873
mirror,18,SWAP,928,442,1,0,0,0,0,30,2.62558913230896
mirror,19,SWAP,653,830,1,0,0,0,0,22,2.6572890281677246
mirror,20,SWAP,720,686,1,1,1,1,,25,2.6589548587799072
mirror,21,SWAP,991,520,1,0,0,0,,60,2.7169175148010254
mirror,22,SWAP,468,713,1,0,0,0,,7,2.7996153831481934
mirror,23,SWAP,833,261,1,0,0,0,0,46,3.159794569015503
mirror,24,SWAP,863,203,1,0,0,0,,25,3.1903746128082275
mirror,25,SWAP,643,323,1,0,0,0,0,28,3.9053192138671875
mirror,26,SWAP,372,559,1,0,0,0,,30,2.9900693893432617
mirror,27,SWAP,9,244,1,0,0,1,,35,2.8442957401275635
mirror,28,SWAP,160,197,1,0,0,0,0,36,2.5784614086151123
mirror,29,SWAP,837,577,1,0,0,0,0,28,2.5809266567230225
mirror,30,SWAP,589,620,1,0,0,1,0,66,2.549513101577759
mirror,31,SWAP,371,664,1,0,0,1,,49,2.517798900604248
mirror,32,SWAP,287,455,1,0,0,0,,25,2.819749355316162
mirror,33,SWAP,965,162,1,0,0,0,0,50,3.4705467224121094
mirror,34,SWAP,92,892,1,0,0,0,0,47,2.922708034515381
mirror,35,SWAP,487,395,1,0,0,0,,36,2.2583024501800537
mirror,36,SWAP,42,378,1,0,0,0,,18,3.0364785194396973
mirror,37,SWAP,14,19,1,0,0,0,,25,2.8242805004119873
mirror,38,SWAP,407,905,1,0,0,0,0,104,2.5935921669006348
mirror,39,SWAP,110,391,1,0,0,0,,24,2.5685012340545654
mirror,0,SELF,85,449,1,0,0,0,,30,2.517733573913574
mirror,1,SELF,373,782,1,0,0,0,,33,2.8260064125061035
mirror,2,SELF,757,932,1,0,0,1,0,60,2.582460880279541
mirror,3,SELF,241,269,1,0,0,0,,37,2.96016788482666
mirror,4,SELF,225,89,1,0,0,0,,33,2.6461615562438965
mirror,5,SELF,358,879,1,0,0,0,0,77,2.7899606227874756
mirror,6,SELF,825,348,1,1,1,0,0,29,2.591606378555298
mirror,7,SELF,607,751,1,0,0,0,0,34,2.633862257003784
mirror,8,SELF,429,716,1,0,0,0,,26,2.5762391090393066
mirror,9,SELF,347,688,1,0,0,0,,34,2.997661828994751
mirror,10,SELF,651,864,1,0,0,0,,16,3.917492151260376
mirror,11,SELF,419,50,1,0,0,0,0,392,2.476454019546509
mirror,12,SELF,183,466,1,0,0,0,0,104,2.7365758419036865
mirror,13,SELF,308,458,1,0,0,1,,46,2.8485145568847656
mirror,14,SELF,397,38,1,0,0,0,,42,2.522029399871826
mirror,15,SELF,56,975,1,0,0,0,0,62,2.6234681606292725
mirror,16,SELF,291,706,1,0,0,1,,46,2.60452938079834
mirror,17,SELF,749,86,1,0,0,0,,36,2.5876238346099854
mirror,18,SELF,928,442,1,0,0,0,0,28,2.6500134468078613
mirror,19,SELF,653,830,1,0,0,0,0,22,2.6218175888061523
mirror,20,SELF,720,686,1,1,1,1,,25,2.6091854572296143
mirror,21,SELF,991,520,1,0,0,0,,60,2.729980945587158
mirror,22,SELF,468,713,1,0,0,0,,7,2.6816086769104004
mirror,23,SELF,833,261,1,0,0,0,0,46,3.082315683364868
mirror,24,SELF,863,203,1,0,0,0,,25,3.0918164253234863
mirror,25,SELF,643,323,1,0,0,0,0,28,3.777289628982544
mirror,26,SELF,372,559,1,0,0,0,,30,2.891303777694702
mirror,27,SELF,9,244,1,0,0,1,,34,2.8218953609466553
mirror,28,SELF,160,197,1,0,0,0,0,36,2.6384780406951904
mirror,29,SELF,837,577,1,0,0,0,0,28,2.524813413619995
mirror,30,SELF,589,620,1,0,0,1,0,68,2.560314655303955
mirror,31,SELF,371,664,1,0,0,1,,49,2.574730396270752
mirror,32,SELF,287,455,1,0,0,0,,35,2.725574016571045
mirror,33,SELF,965,162,1,0,0,0,0,46,3.4281976222991943
mirror,34,SELF,92,892,1,0,0,0,0,47,2.908775806427002
mirror,35,SELF,487,395,1,0,0,0,,36,2.2990899085998535
mirror,36,SELF,42,378,1,0,0,0,,18,3.0620276927948
mirror,37,SELF,14,19,1,0,0,0,,25,2.9159586429595947
mirror,38,SELF,407,905,1,0,0,0,0,96,2.6059722900390625
mirror,39,SELF,110,391,1,0,0,0,,24,2.667358875274658
mirror,0,RAND,85,449,1,0,0,0,,30,12.12817668914795
mirror,1,RAND,373,782,1,0,0,0,,23,13.60873794555664
mirror,2,RAND,757,932,1,0,0,0,0,57,13.39871597290039
mirror,3,RAND,241,269,1,0,0,0,,37,13.386368751525879
mirror,4,RAND,225,89,1,0,0,0,,31,12.285855293273926
mirror,5,RAND,358,879,1,0,0,0,0,13,13.794995307922363
mirror,6,RAND,825,348,1,1,1,0,0,29,13.485808372497559
mirror,7,RAND,607,751,1,0,0,0,0,34,13.35123062133789
mirror,8,RAND,429,716,1,0,0,0,,26,12.388233184814453
mirror,9,RAND,347,688,1,0,0,1,,45,13.846643447875977
mirror,10,RAND,651,864,1,0,0,0,,23,13.265297889709473
mirror,11,RAND,419,50,1,0,0,0,0,349,13.225199699401855
mirror,12,RAND,183,466,1,0,0,0,0,68,12.32590103149414
mirror,13,RAND,308,458,1,0,0,1,,46,13.846755027770996
mirror,14,RAND,397,38,1,0,0,0,,37,13.401211738586426
mirror,15,RAND,56,975,1,0,0,0,0,62,13.349509239196777
mirror,16,RAND,291,706,1,0,0,1,,31,12.398694038391113
mirror,17,RAND,749,86,1,0,0,0,,36,13.735105514526367
mirror,18,RAND,928,442,1,0,0,0,0,30,13.523497581481934
mirror,19,RAND,653,830,1,0,0,0,0,25,13.404892921447754
mirror,20,RAND,720,686,1,1,1,0,,26,12.235708236694336
mirror,21,RAND,991,520,1,0,0,0,,59,13.894315719604492
mirror,22,RAND,468,713,1,0,0,0,,37,13.666194915771484
mirror,23,RAND,833,261,1,0,0,0,0,46,13.445050239562988
mirror,24,RAND,863,203,1,0,0,0,,25,12.229192733764648
mirror,25,RAND,643,323,1,0,0,0,0,28,13.713726043701172
mirror,26,RAND,372,559,1,0,0,0,,37,13.479657173156738
mirror,27,RAND,9,244,1,0,0,1,,35,13.486405372619629
mirror,28,RAND,160,197,1,0,0,0,0,53,12.214127540588379
mirror,29,RAND,837,577,1,0,0,0,0,28,13.368021965026855
mirror,30,RAND,589,620,1,0,0,1,0,63,13.381072998046875
mirror,31,RAND,371,664,1,0,0,1,,54,13.379693031311035
mirror,32,RAND,287,455,1,0,0,0,,31,11.949803352355957
mirror,33,RAND,965,162,1,0,0,0,,25,13.657183647155762
mirror,34,RAND,92,892,1,0,0,0,0,34,13.443419456481934
mirror,35,RAND,487,395,1,0,0,0,,36,13.277650833129883
mirror,36,RAND,42,378,1,0,0,0,,18,12.184551239013672
mirror,37,RAND,14,19,1,0,0,1,,68,13.863292694091797
mirror,38,RAND,407,905,1,0,0,0,0,141,13.453478813171387
mirror,39,RAND,110,391,1,0,0,0,,24,13.362945556640625
primary,0,SHAM,449,85,-1,0,0,0,,25,
primary,1,SHAM,782,373,-1,0,0,1,,74,
primary,2,SHAM,932,757,-1,0,0,0,,29,
primary,3,SHAM,269,241,-1,1,1,0,1,55,
primary,4,SHAM,89,225,-1,0,0,0,,25,
primary,5,SHAM,879,358,-1,0,0,0,,51,
primary,6,SHAM,348,825,-1,0,0,0,1,53,
primary,7,SHAM,751,607,-1,0,0,0,1,74,
primary,8,SHAM,716,429,-1,1,1,0,1,103,
primary,9,SHAM,688,347,-1,0,0,0,,34,
primary,10,SHAM,864,651,-1,0,0,0,,28,
primary,11,SHAM,50,419,-1,0,0,0,,35,
primary,12,SHAM,466,183,-1,0,0,0,,10,
primary,13,SHAM,458,308,-1,0,0,0,,20,
primary,14,SHAM,38,397,-1,0,0,0,,30,
primary,15,SHAM,975,56,-1,0,0,0,,26,
primary,16,SHAM,706,291,-1,0,0,0,1,39,
primary,17,SHAM,86,749,-1,1,1,0,1,44,
primary,18,SHAM,442,928,-1,0,0,0,,32,
primary,19,SHAM,830,653,-1,0,0,0,,4,
primary,20,SHAM,686,720,-1,0,0,0,1,36,
primary,21,SHAM,520,991,-1,0,0,0,,63,
primary,22,SHAM,713,468,-1,0,0,0,,19,
primary,23,SHAM,261,833,-1,0,0,0,1,51,
primary,24,SHAM,203,863,-1,1,1,0,,14,
primary,25,SHAM,323,643,-1,0,0,0,,22,
primary,26,SHAM,559,372,-1,1,1,1,,33,
primary,27,SHAM,244,9,-1,0,0,0,1,44,
primary,28,SHAM,197,160,-1,0,0,0,1,38,
primary,29,SHAM,577,837,-1,1,1,0,,30,
primary,30,SHAM,620,589,-1,0,0,0,,38,
primary,31,SHAM,664,371,-1,0,0,0,,53,
primary,32,SHAM,455,287,-1,0,0,0,,24,
primary,33,SHAM,162,965,-1,0,0,0,,38,
primary,34,SHAM,892,92,-1,0,0,0,,15,
primary,35,SHAM,395,487,-1,0,0,0,,17,
primary,36,SHAM,378,42,-1,0,0,0,1,65,
primary,37,SHAM,19,14,-1,0,0,0,1,71,
primary,38,SHAM,905,407,-1,0,0,0,,25,
primary,39,SHAM,391,110,-1,0,0,0,,31,
primary,0,SWAP,449,85,-1,0,0,0,,30,3.380664587020874
primary,1,SWAP,782,373,-1,0,0,0,,53,2.630120277404785
primary,2,SWAP,932,757,-1,0,0,0,,29,2.6489639282226562
primary,3,SWAP,269,241,-1,1,1,0,1,55,2.6026179790496826
primary,4,SWAP,89,225,-1,0,0,0,,28,2.485809564590454
primary,5,SWAP,879,358,-1,0,0,0,,51,2.9860212802886963
primary,6,SWAP,348,825,-1,0,0,0,1,53,2.5687925815582275
primary,7,SWAP,751,607,-1,0,0,0,1,74,2.955632209777832
primary,8,SWAP,716,429,-1,1,1,0,1,56,2.9026756286621094
primary,9,SWAP,688,347,-1,0,0,0,,34,2.494321823120117
primary,10,SWAP,864,651,-1,0,0,0,,28,2.5234835147857666
primary,11,SWAP,50,419,-1,0,0,0,,35,2.772966146469116
primary,12,SWAP,466,183,-1,0,0,0,,10,2.4657557010650635
primary,13,SWAP,458,308,-1,0,0,0,,20,3.4593753814697266
primary,14,SWAP,38,397,-1,0,0,0,,29,2.70162296295166
primary,15,SWAP,975,56,-1,0,0,0,,26,2.5243148803710938
primary,16,SWAP,706,291,-1,0,0,0,1,39,3.072165012359619
primary,17,SWAP,86,749,-1,1,1,0,1,44,2.954209327697754
primary,18,SWAP,442,928,-1,0,0,0,,32,2.7095043659210205
primary,19,SWAP,830,653,-1,0,0,0,,28,2.909242868423462
primary,20,SWAP,686,720,-1,0,0,0,1,36,2.622283935546875
primary,21,SWAP,520,991,-1,0,0,0,,63,2.816408395767212
primary,22,SWAP,713,468,-1,0,0,0,,19,2.8740804195404053
primary,23,SWAP,261,833,-1,0,0,0,1,51,2.880117654800415
primary,24,SWAP,203,863,-1,1,1,0,,14,2.5579798221588135
primary,25,SWAP,323,643,-1,0,0,0,,22,2.8227438926696777
primary,26,SWAP,559,372,-1,1,1,0,,56,2.74393630027771
primary,27,SWAP,244,9,-1,0,0,0,1,44,2.750494956970215
primary,28,SWAP,197,160,-1,0,0,0,1,38,3.00284481048584
primary,29,SWAP,577,837,-1,1,1,0,,38,3.352175235748291
primary,30,SWAP,620,589,-1,0,0,0,,38,2.681126594543457
primary,31,SWAP,664,371,-1,0,0,0,,53,2.750863552093506
primary,32,SWAP,455,287,-1,0,0,0,,24,2.7574431896209717
primary,33,SWAP,162,965,-1,0,0,0,,38,2.576869010925293
primary,34,SWAP,892,92,-1,0,0,0,,15,2.6829662322998047
primary,35,SWAP,395,487,-1,0,0,0,,17,2.5626578330993652
primary,36,SWAP,378,42,-1,0,0,0,1,65,2.9034993648529053
primary,37,SWAP,19,14,-1,0,0,0,1,71,2.7897369861602783
primary,38,SWAP,905,407,-1,0,0,0,,25,2.889767646789551
primary,39,SWAP,391,110,-1,0,0,0,,31,3.0603013038635254
primary,0,SELF,449,85,-1,0,0,0,,30,3.3794808387756348
primary,1,SELF,782,373,-1,0,0,0,,53,2.5561203956604004
primary,2,SELF,932,757,-1,0,0,0,,29,2.582740545272827
primary,3,SELF,269,241,-1,1,1,0,1,55,2.6302454471588135
primary,4,SELF,89,225,-1,0,0,0,,28,2.481119394302368
primary,5,SELF,879,358,-1,0,0,0,,51,3.0336410999298096
primary,6,SELF,348,825,-1,0,0,0,1,53,2.536275863647461
primary,7,SELF,751,607,-1,0,0,0,1,74,2.94705867767334
primary,8,SELF,716,429,-1,1,1,0,1,56,2.8864591121673584
primary,9,SELF,688,347,-1,0,0,0,,34,2.521911382675171
primary,10,SELF,864,651,-1,0,0,0,,28,2.4754416942596436
primary,11,SELF,50,419,-1,0,0,0,,35,2.681844711303711
primary,12,SELF,466,183,-1,0,0,0,,10,2.4512760639190674
primary,13,SELF,458,308,-1,0,0,0,,29,3.430392265319824
primary,14,SELF,38,397,-1,0,0,0,,29,2.6681525707244873
primary,15,SELF,975,56,-1,0,0,0,,30,2.4645957946777344
primary,16,SELF,706,291,-1,0,0,0,1,39,3.0289812088012695
primary,17,SELF,86,749,-1,1,1,0,1,44,2.8244001865386963
primary,18,SELF,442,928,-1,0,0,0,,32,2.64361572265625
primary,19,SELF,830,653,-1,0,0,0,,4,2.8831005096435547
primary,20,SELF,686,720,-1,0,0,0,1,36,2.5564773082733154
primary,21,SELF,520,991,-1,0,0,0,,63,2.845150947570801
primary,22,SELF,713,468,-1,0,0,0,,19,2.8231327533721924
primary,23,SELF,261,833,-1,0,0,0,1,51,2.8188157081604004
primary,24,SELF,203,863,-1,1,1,0,,14,2.5284221172332764
primary,25,SELF,323,643,-1,0,0,0,,22,2.7354631423950195
primary,26,SELF,559,372,-1,1,1,1,,56,2.718541145324707
primary,27,SELF,244,9,-1,1,0,0,1,74,2.659816026687622
primary,28,SELF,197,160,-1,0,0,0,1,38,2.96673583984375
primary,29,SELF,577,837,-1,1,1,0,,38,3.3257458209991455
primary,30,SELF,620,589,-1,0,0,0,,38,2.6819772720336914
primary,31,SELF,664,371,-1,0,0,0,,53,2.76751708984375
primary,32,SELF,455,287,-1,0,0,0,,24,2.6924617290496826
primary,33,SELF,162,965,-1,0,0,0,,31,2.511136531829834
primary,34,SELF,892,92,-1,0,0,0,,15,2.619765043258667
primary,35,SELF,395,487,-1,0,0,0,,17,2.5162878036499023
primary,36,SELF,378,42,-1,0,0,0,1,65,2.775709867477417
primary,37,SELF,19,14,-1,0,0,0,,47,2.747370719909668
primary,38,SELF,905,407,-1,0,0,0,,25,2.862720489501953
primary,39,SELF,391,110,-1,0,0,0,,31,3.068927764892578
primary,0,RAND,449,85,-1,0,0,0,,30,12.127620697021484
primary,1,RAND,782,373,-1,0,0,0,,53,13.417777061462402
primary,2,RAND,932,757,-1,0,0,0,,29,13.358837127685547
primary,3,RAND,269,241,-1,1,1,0,1,58,13.212923049926758
primary,4,RAND,89,225,-1,0,0,0,,28,12.00556468963623
primary,5,RAND,879,358,-1,0,0,0,,42,13.481331825256348
primary,6,RAND,348,825,-1,0,0,0,1,137,13.211653709411621
primary,7,RAND,751,607,-1,0,0,0,1,74,13.214344024658203
primary,8,RAND,716,429,-1,1,1,1,1,169,12.260015487670898
primary,9,RAND,688,347,-1,0,0,0,1,47,13.509552955627441
primary,10,RAND,864,651,-1,0,0,0,,32,13.390480995178223
primary,11,RAND,50,419,-1,0,0,0,,35,13.171273231506348
primary,12,RAND,466,183,-1,0,0,0,,10,12.097518920898438
primary,13,RAND,458,308,-1,0,0,0,,22,13.459875106811523
primary,14,RAND,38,397,-1,0,0,0,,29,13.41762638092041
primary,15,RAND,975,56,-1,0,0,0,,20,13.314129829406738
primary,16,RAND,706,291,-1,0,0,0,1,39,12.048881530761719
primary,17,RAND,86,749,-1,1,1,0,1,40,13.631757736206055
primary,18,RAND,442,928,-1,0,0,0,,32,13.269858360290527
primary,19,RAND,830,653,-1,0,0,0,1,45,13.127972602844238
primary,20,RAND,686,720,-1,0,0,0,1,36,12.057806968688965
primary,21,RAND,520,991,-1,0,0,0,,60,13.63442325592041
primary,22,RAND,713,468,-1,0,0,0,,19,13.385372161865234
primary,23,RAND,261,833,-1,0,0,0,1,51,13.255732536315918
primary,24,RAND,203,863,-1,1,1,0,,14,12.058210372924805
primary,25,RAND,323,643,-1,0,0,0,,22,13.71190071105957
primary,26,RAND,559,372,-1,1,1,0,,33,13.278688430786133
primary,27,RAND,244,9,-1,1,0,0,1,77,13.277420043945312
primary,28,RAND,197,160,-1,0,0,0,1,38,12.114164352416992
primary,29,RAND,577,837,-1,1,1,1,,13,13.572092056274414
primary,30,RAND,620,589,-1,0,0,0,,38,13.404865264892578
primary,31,RAND,664,371,-1,0,0,0,,53,13.335886001586914
primary,32,RAND,455,287,-1,0,0,0,,24,12.08003044128418
primary,33,RAND,162,965,-1,0,0,0,,26,13.504759788513184
primary,34,RAND,892,92,-1,0,0,0,,15,13.278951644897461
primary,35,RAND,395,487,-1,0,0,0,,17,13.309752464294434
primary,36,RAND,378,42,-1,0,0,0,1,86,11.994656562805176
primary,37,RAND,19,14,-1,0,0,0,,38,13.563185691833496
primary,38,RAND,905,407,-1,0,0,1,,50,13.158137321472168
primary,39,RAND,391,110,-1,0,0,0,,44,13.105426788330078
